y_test,y_pred
950400,5521441.758241759
15634100,17019851.724137932
0,550158.4905660377
6536600,8194646.79144385
2099600,4213171.698113208
23555200,11156651.489361702
11505300,12923541.420118343
3173600,4904854.148471615
15160400,17019851.724137932
3832700,5424037.226277372
5619200,6577257.86163522
7629200,12923541.420118343
6778600,6408169.724770642
8042600,11156651.489361702
3835800,6525491.338582677
4948400,4213171.698113208
640000,1681017.3410404625
1075200,2627471.186440678
9154400,5648964.814814814
2124800,6387200.0
5414400,7502446.511627907
13376100,11267743.47826087
6867600,8617572.727272727
6369800,6947436.269430052
11676800,5521441.758241759
22230900,24033901.796407185
1990400,5521441.758241759
5460800,5521441.758241759
256000,550158.4905660377
6712500,10861135.454545455
460800,1072818.6046511629
0,1072818.6046511629
10593500,6420612.280701755
1024000,1211584.2794759825
8849600,9604430.64516129
7796900,9033719.696969697
10951700,14871509.401709402
2360800,4213171.698113208
358400,550158.4905660377
24232600,24033901.796407185
6252300,9033719.696969697
1075200,1681017.3410404625
7482200,9155456.0
3814400,5648964.814814814
1459200,6577257.86163522
2856800,4213171.698113208
6700900,6773153.503184713
5938000,4904854.148471615
13191600,12923541.420118343
9353600,8264716.049382716
3648000,5521441.758241759
8744200,14871509.401709402
6220800,5648964.814814814
12579200,16927065.36312849
3894400,6577257.86163522
5888400,6525491.338582677
4440000,6577257.86163522
131833600,3915054.5454545454
15830000,16927065.36312849
12935800,8617572.727272727
7005500,10128187.301587302
3806200,6525491.338582677
21199900,24033901.796407185
640000,9715200.0
4925000,9907051.612903226
5781600,6947436.269430052
4019200,2627471.186440678
6379700,5424037.226277372
4112000,6577257.86163522
8230600,9155456.0
6992000,4904854.148471615
6389600,5648964.814814814
13510100,13761523.27586207
15986800,6947436.269430052
10384000,7502446.511627907
4065600,5648964.814814814
6891400,6773153.503184713
8523800,8032119.354838709
8575000,9155456.0
5123700,7427003.493449782
10172500,16927065.36312849
4159200,4904854.148471615
5680600,6773153.503184713
3436800,5521441.758241759
5449000,6770826.315789473
6814400,5572875.1773049645
4044400,6947436.269430052
3046400,3915054.5454545454
7380600,7427003.493449782
3219200,6577257.86163522
1702400,7502446.511627907
9779200,2627471.186440678
13327000,16927065.36312849
3509200,4904854.148471615
12368200,12923541.420118343
13003400,11535673.333333334
16087800,14871509.401709402
2911000,6947436.269430052
13260800,7502446.511627907
5728000,5648964.814814814
10726400,2627471.186440678
18581700,8194646.79144385
7063500,8194646.79144385
32309100,7917255.395683453
7307200,4904854.148471615
7614400,8264716.049382716
10636600,6773153.503184713
7226200,10722364.285714285
3021200,5648964.814814814
3200400,5242493.1034482755
7332600,6770826.315789473
7079200,4990861.471861471
21667700,9604430.64516129
4358200,6947436.269430052
4953600,3915054.5454545454
11180100,11156651.489361702
6449800,9212127.083333334
6300800,7502446.511627907
3666500,8670825.2
7116800,8264716.049382716
6097600,7427003.493449782
9581300,10861135.454545455
10058900,11156651.489361702
332800,2151101.3698630137
9695500,8194646.79144385
5833600,5999249.1228070175
8332600,8194646.79144385
7408000,5521441.758241759
12430300,14871509.401709402
7604400,9212127.083333334
972800,1211584.2794759825
21401600,2627471.186440678
5213700,6770826.315789473
1254400,3915054.5454545454
4115200,8264716.049382716
4934400,5648964.814814814
3096800,4990861.471861471
5138700,8194646.79144385
870400,550158.4905660377
2150400,2627471.186440678
6828800,7502446.511627907
8993300,6773153.503184713
9285200,12923541.420118343
9057100,11156651.489361702
6505700,7828053.846153846
13308400,11535673.333333334
3725400,6770826.315789473
4675000,7427003.493449782
6653600,7828053.846153846
5318400,6577257.86163522
9753000,8194646.79144385
1075200,1681017.3410404625
1536000,1211584.2794759825
86798700,10722364.285714285
4892800,7502446.511627907
1536000,1211584.2794759825
435200,2627471.186440678
10319400,8617572.727272727
5006500,8194646.79144385
4121600,2627471.186440678
972800,3915054.5454545454
8559100,9390321.212121213
6068700,6770826.315789473
4876400,5648964.814814814
2923700,5242493.1034482755
6729000,5572875.1773049645
819200,5196800.0
7986000,8617572.727272727
4422400,6770826.315789473
25536400,24033901.796407185
8244900,8194646.79144385
3392000,3915054.5454545454
1382400,1072818.6046511629
11050600,16927065.36312849
3846400,7502446.511627907
1216000,3915054.5454545454
7690500,12923541.420118343
204800,1211584.2794759825
3393600,5242493.1034482755
13404100,7427003.493449782
9449800,12923541.420118343
1203200,2627471.186440678
26499000,24033901.796407185
6829200,5572875.1773049645
8282000,10128187.301587302
21331800,16927065.36312849
6241000,10722364.285714285
3531200,5648964.814814814
10558400,7427003.493449782
11357900,10982058.826923076
14666900,12923541.420118343
1280000,2627471.186440678
8068400,7427003.493449782
3772400,6525491.338582677
972800,1211584.2794759825
10984300,10861135.454545455
614400,2627471.186440678
3328000,6577257.86163522
6988900,8194646.79144385
15034800,11156651.489361702
5963200,6525491.338582677
3252400,4904854.148471615
20758200,12923541.420118343
10191700,10722364.285714285
11655000,9604430.64516129
13155000,8670825.2
25425800,13761523.27586207
14373500,24033901.796407185
5468000,5572875.1773049645
9339200,14871509.401709402
17711300,18696161.76470588
5999800,7335302.857142857
1280000,2627471.186440678
3667200,4904854.148471615
3765200,4904854.148471615
24770300,24033901.796407185
2892800,3901062.295081967
6830400,7917255.395683453
11900800,7502446.511627907
9086800,9212127.083333334
1481600,6577257.86163522
32227700,13761523.27586207
11536000,8194646.79144385
7589600,7828053.846153846
2790400,2627471.186440678
6555800,6525491.338582677
3281400,6525491.338582677
1715200,3915054.5454545454
17283400,14871509.401709402
512000,1211584.2794759825
13091400,18696161.76470588
6089600,8264716.049382716
3213200,4904854.148471615
8601600,3901062.295081967
14243500,9212127.083333334
7263900,8194646.79144385
10718400,5521441.758241759
11165400,9033719.696969697
819200,2627471.186440678
11201400,13761523.27586207
3756800,4904854.148471615
12042000,12923541.420118343
4320000,5521441.758241759
9073200,9212127.083333334
8061700,8194646.79144385
9441200,10861135.454545455
5856000,5521441.758241759
7897600,6577257.86163522
7308200,8670825.2
8156400,5424037.226277372
8439000,9604430.64516129
9314100,8194646.79144385
6093100,8670825.2
2419200,3915054.5454545454
4315200,6577257.86163522
7356000,4904854.148471615
102400,1211584.2794759825
5558000,6770826.315789473
5655900,6773153.503184713
10759300,9212127.083333334
6598800,4904854.148471615
7033600,4213171.698113208
4151400,5242493.1034482755
7559200,8194646.79144385
3252800,4990861.471861471
0,1211584.2794759825
6007000,6770826.315789473
4889600,2627471.186440678
12811600,6770826.315789473
10662900,10982058.826923076
3752000,6525491.338582677
5754800,6900063.157894737
1689600,3915054.5454545454
7895800,12923541.420118343
5553600,5521441.758241759
5139800,5999249.1228070175
10086000,6947436.269430052
2073600,3901062.295081967
1216000,3915054.5454545454
2750400,6577257.86163522
26308300,18696161.76470588
6640000,6525491.338582677
332800,2627471.186440678
28415000,24033901.796407185
409600,1681017.3410404625
5668800,6770826.315789473
2969600,3901062.295081967
3379200,1681017.3410404625
9268000,6525491.338582677
409600,1681017.3410404625
5419900,7427003.493449782
7083600,8670825.2
870400,1153219.0476190476
0,550158.4905660377
25683700,9212127.083333334
896000,1681017.3410404625
3797800,5572875.1773049645
4995200,8264716.049382716
11898700,13761523.27586207
4155000,11156651.489361702
6961600,5242493.1034482755
460800,2151101.3698630137
7108400,7828053.846153846
3020800,3681280.0
5250200,6408169.724770642
307200,2151101.3698630137
7012500,8032119.354838709
11991200,11156651.489361702
4172800,5196800.0
19146000,18696161.76470588
3532800,2627471.186440678
1868800,5196800.0
12498700,10722364.285714285
3481600,2627471.186440678
8390400,6577257.86163522
11600000,8264716.049382716
2409600,6577257.86163522
7485400,6770826.315789473
8547800,8194646.79144385
6452500,8194646.79144385
4841000,8670825.2
10732800,11156651.489361702
2704000,4904854.148471615
4346400,5424037.226277372
4210200,4990861.471861471
2304400,4990861.471861471
7709200,8194646.79144385
9895600,10722364.285714285
8813600,7427003.493449782
8813800,6770826.315789473
30090600,11156651.489361702
11281600,14871509.401709402
4532400,6773153.503184713
6558600,4990861.471861471
5434000,8670825.2
5156800,6947436.269430052
12855900,8670825.2
1705600,5521441.758241759
524800,2627471.186440678
4425600,5648964.814814814
7048300,6770826.315789473
3801600,5648964.814814814
5344800,4990861.471861471
7017100,8617572.727272727
7855200,5648964.814814814
6973600,6773153.503184713
5388800,5648964.814814814
3174400,1211584.2794759825
3875200,5521441.758241759
5900400,5648964.814814814
16357600,18696161.76470588
2393600,5521441.758241759
409600,1153219.0476190476
7517400,8194646.79144385
4373600,5648964.814814814
2380800,3901062.295081967
10577100,8670825.2
6473600,6525491.338582677
6354500,8194646.79144385
512000,550158.4905660377
7074000,6947436.269430052
1740800,2151101.3698630137
5720400,8194646.79144385
3276800,1153219.0476190476
5478400,5648964.814814814
1344000,2627471.186440678
4595100,7828053.846153846
14450100,9033719.696969697
3178000,4904854.148471615
1651200,3915054.5454545454
6435400,5572875.1773049645
7129100,6408169.724770642
6029500,10861135.454545455
4126400,8264716.049382716
5257400,8194646.79144385
640000,2151101.3698630137
6146900,6773153.503184713
1536000,1681017.3410404625
6319800,5572875.1773049645
11165200,7917255.395683453
8448400,8670825.2
6702000,7427003.493449782
4188900,6408169.724770642
5075900,5424037.226277372
3481600,1211584.2794759825
10105600,5521441.758241759
25327200,18696161.76470588
1971200,2627471.186440678
5157200,6947436.269430052
12839900,18696161.76470588
6904900,6773153.503184713
6192300,7917255.395683453
7852000,9604430.64516129
5658200,4990861.471861471
2822400,4213171.698113208
665600,2627471.186440678
4834800,5572875.1773049645
1203200,2151101.3698630137
2457600,2151101.3698630137
4857400,5424037.226277372
5248000,2627471.186440678
3584000,3915054.5454545454
486400,2627471.186440678
16863900,16927065.36312849
5777900,8194646.79144385
8244500,12923541.420118343
9027900,11156651.489361702
6663400,10722364.285714285
7934000,4213171.698113208
1612800,2151101.3698630137
3636800,5648964.814814814
6140400,10861135.454545455
4688800,5648964.814814814
6330600,6770826.315789473
13980400,17019851.724137932
4416000,3915054.5454545454
9872800,10128187.301587302
11589800,9212127.083333334
8615200,4213171.698113208
1075200,2627471.186440678
4020400,6773153.503184713
5232200,7917255.395683453
1408000,2627471.186440678
5190100,9212127.083333334
8940700,8032119.354838709
8369500,9604430.64516129
8563300,10861135.454545455
22958600,16927065.36312849
2694400,5648964.814814814
17204100,18696161.76470588
4696600,10982058.826923076
9399500,8670825.2
6575200,9390321.212121213
10192500,10863653.846153846
11804700,9604430.64516129
29292400,13086433.333333334
6761200,5572875.1773049645
1100800,2627471.186440678
8494500,8670825.2
9966900,11156651.489361702
19034200,10722364.285714285
10460200,11156651.489361702
28374100,24033901.796407185
7942600,6770826.315789473
1484800,1211584.2794759825
19702000,12923541.420118343
18013100,8670825.2
8662200,13761523.27586207
10768000,8194646.79144385
5639900,6770826.315789473
153600,2627471.186440678
1152000,3901062.295081967
7688800,4990861.471861471
24777600,14871509.401709402
12626000,16927065.36312849
3598400,4213171.698113208
3096000,6525491.338582677
7149600,6408169.724770642
1814400,7502446.511627907
8808100,6770826.315789473
6608400,9604430.64516129
1408000,3901062.295081967
9530100,8194646.79144385
5242800,8617572.727272727
12255600,17019851.724137932
11520100,8670825.2
11892800,8264716.049382716
972800,1681017.3410404625
11602500,11156651.489361702
6651200,6577257.86163522
2263600,4904854.148471615
56233000,8194646.79144385
3710800,5648964.814814814
6156800,5521441.758241759
7081600,7502446.511627907
13360900,18696161.76470588
5186000,4904854.148471615
7734600,10861135.454545455
3368800,4213171.698113208
7645100,8670825.2
5864300,5242493.1034482755
4621900,6773153.503184713
7398400,1306548.148148148
8319800,5572875.1773049645
6588300,8194646.79144385
6185700,8670825.2
332800,2627471.186440678
5912400,5572875.1773049645
19866800,16927065.36312849
2816000,2627471.186440678
24592600,6947436.269430052
4402000,4990861.471861471
13248900,7892860.0
5705600,7335302.857142857
5646400,5648964.814814814
6634100,10722364.285714285
12837400,11267743.47826087
5961400,15597353.333333334
9808000,5521441.758241759
3988800,4213171.698113208
2574400,4904854.148471615
819200,550158.4905660377
5478700,8194646.79144385
6950400,3915054.5454545454
8771200,5521441.758241759
4147200,2627471.186440678
4003500,7828053.846153846
1996800,550158.4905660377
11393400,9033719.696969697
512000,550158.4905660377
1715200,2627471.186440678
1177600,1211584.2794759825
5085600,6773153.503184713
614400,1681017.3410404625
6957700,7166255.555555556
4940800,5521441.758241759
6241300,8194646.79144385
18867200,2627471.186440678
5362800,6947436.269430052
435200,2627471.186440678
4921200,6773153.503184713
7440000,5521441.758241759
16089800,18696161.76470588
5183200,4213171.698113208
15534200,13761523.27586207
6139000,8194646.79144385
7282900,11267743.47826087
23987000,16927065.36312849
6608000,4213171.698113208
4727200,5648964.814814814
4579000,5424037.226277372
3626400,5648964.814814814
9415800,10861135.454545455
9512400,7427003.493449782
1811200,6947436.269430052
8520000,5648964.814814814
3372000,5648964.814814814
1561600,2151101.3698630137
5284100,5424037.226277372
6656500,9212127.083333334
9214400,4990861.471861471
10226500,8670825.2
972800,3915054.5454545454
6638100,9033719.696969697
7444600,7828053.846153846
614400,2151101.3698630137
9636100,8194646.79144385
9353600,5572875.1773049645
10723700,7427003.493449782
12421300,6773153.503184713
5839600,4904854.148471615
5922600,10861135.454545455
12544900,12923541.420118343
10525400,12923541.420118343
4776900,8194646.79144385
8153100,8194646.79144385
34321900,18696161.76470588
563200,1681017.3410404625
4627000,5424037.226277372
14925600,15597353.333333334
4713800,5572875.1773049645
15648400,13761523.27586207
28696600,11156651.489361702
5718400,5648964.814814814
5936800,7828053.846153846
7003200,7427003.493449782
11109600,4904854.148471615
7872000,8264716.049382716
3610400,8264716.049382716
12703700,9033719.696969697
384000,5196800.0
9752800,11332790.909090908
1382400,2151101.3698630137
8227400,4990861.471861471
5177400,6420612.280701755
4479600,5242493.1034482755
2841600,3915054.5454545454
3914400,4213171.698113208
4458400,6525491.338582677
3652800,5521441.758241759
2252800,2627471.186440678
6069900,8194646.79144385
6244800,6947436.269430052
1408000,2627471.186440678
3417600,4213171.698113208
5350700,5424037.226277372
10053400,9390321.212121213
8342500,7892860.0
4077500,6770826.315789473
17750700,7427003.493449782
9375300,10722364.285714285
2679200,4990861.471861471
7806000,9604430.64516129
4581500,7917255.395683453
9881600,9155456.0
4604800,6577257.86163522
9838500,8670825.2
256000,2151101.3698630137
6714600,6525491.338582677
4896000,6577257.86163522
5151200,5648964.814814814
5338800,5648964.814814814
19788400,16927065.36312849
8420600,9229030.0
4978200,5572875.1773049645
8474000,11267743.47826087
358400,1681017.3410404625
12976100,15251452.631578946
10662800,16927065.36312849
4759400,6525491.338582677
23297400,18696161.76470588
9072100,9604430.64516129
332800,2151101.3698630137
14298300,11156651.489361702
6431400,8670825.2
5012600,7427003.493449782
4079400,6525491.338582677
4563200,5521441.758241759
153600,1072818.6046511629
9138400,11535673.333333334
7287800,4990861.471861471
5580600,6770826.315789473
4682800,4990861.471861471
10703600,6947436.269430052
10208000,6577257.86163522
870400,1211584.2794759825
6941600,6408169.724770642
5738400,4213171.698113208
1331200,1211584.2794759825
16615700,18696161.76470588
3174400,2151101.3698630137
2620800,7502446.511627907
6638500,7427003.493449782
7507900,8194646.79144385
4454400,2627471.186440678
6733800,7892860.0
12943600,6773153.503184713
1318400,2627471.186440678
2784000,5521441.758241759
6142800,8670825.2
35716500,24033901.796407185
6447300,8670825.2
755200,2627471.186440678
6848000,2627471.186440678
7945100,9033719.696969697
13585800,7427003.493449782
8086100,9390321.212121213
6702100,8670825.2
11113600,10982058.826923076
8523600,4904854.148471615
5235000,5572875.1773049645
31232300,24033901.796407185
512000,2627471.186440678
563200,3681280.0
20413100,9212127.083333334
2840000,5521441.758241759
7661200,7427003.493449782
27256000,13761523.27586207
5636600,6947436.269430052
2854400,2627471.186440678
22236700,24033901.796407185
1792000,1211584.2794759825
4172800,3901062.295081967
3217600,7502446.511627907
7398400,6525491.338582677
8005000,8670825.2
6486300,7917255.395683453
7827400,9033719.696969697
5997500,6408169.724770642
4555000,6947436.269430052
2073600,1306548.148148148
8365100,11156651.489361702
8498400,6770826.315789473
7942400,5648964.814814814
9921600,4904854.148471615
6334400,6577257.86163522
7262500,14871509.401709402
7967700,7115035.294117647
4032000,5521441.758241759
3687400,6525491.338582677
4302800,5424037.226277372
3371200,4213171.698113208
7126600,9390321.212121213
3468800,5624623.2558139535
46265200,18696161.76470588
8560000,8264716.049382716
1987600,4904854.148471615
4712800,5648964.814814814
14234900,10863653.846153846
8712400,4213171.698113208
10883200,5521441.758241759
8447300,8670825.2
6488900,10268700.0
7123800,7828053.846153846
9054000,5999249.1228070175
10970600,24033901.796407185
3812000,5648964.814814814
4787200,2627471.186440678
5552000,4990861.471861471
12554800,10128187.301587302
11168800,14871509.401709402
7645800,5572875.1773049645
1228800,550158.4905660377
25569500,16927065.36312849
10027500,9033719.696969697
7448200,9155456.0
921600,1072818.6046511629
1049600,2151101.3698630137
3771200,6577257.86163522
4195200,5521441.758241759
5317800,6770826.315789473
5101000,8194646.79144385
7243800,7828053.846153846
14846900,16927065.36312849
5385600,6577257.86163522
9764100,10722364.285714285
6049600,5624623.2558139535
7052800,3915054.5454545454
819200,2627471.186440678
7770000,6770826.315789473
5277200,5572875.1773049645
2304000,3901062.295081967
8357300,10982058.826923076
13080300,8194646.79144385
3588800,5648964.814814814
2161600,9155456.0
1664000,2151101.3698630137
12582600,6525491.338582677
1382400,3901062.295081967
13463400,12923541.420118343
12140800,12923541.420118343
7537800,4990861.471861471
12457500,12923541.420118343
20268400,24033901.796407185
460800,1072818.6046511629
4202000,6525491.338582677
12311100,17019851.724137932
2419200,2627471.186440678
12391300,16927065.36312849
7868000,13761523.27586207
3644800,5648964.814814814
1536000,2627471.186440678
3496000,5648964.814814814
6758400,6577257.86163522
4487600,4213171.698113208
14495900,14871509.401709402
9507400,11156651.489361702
4491900,5242493.1034482755
8258000,11267743.47826087
3385200,4213171.698113208
5875800,7917255.395683453
4260600,6525491.338582677
0,550158.4905660377
5875200,6577257.86163522
2368000,5521441.758241759
6060800,7502446.511627907
5210400,8264716.049382716
8194800,8194646.79144385
13273600,6577257.86163522
4428800,2627471.186440678
4786400,7427003.493449782
7042600,4990861.471861471
5235200,3915054.5454545454
4504000,5648964.814814814
409600,456145.45454545453
11707200,7335302.857142857
9284200,6947436.269430052
6339600,6770826.315789473
2201600,1211584.2794759825
6768400,6525491.338582677
6850100,8670825.2
6419200,5521441.758241759
9480800,9155456.0
4679400,8194646.79144385
7278500,5424037.226277372
11715000,10722364.285714285
6150200,5572875.1773049645
7031600,9907051.612903226
1408000,2627471.186440678
5752800,7828053.846153846
14627200,7502446.511627907
3874800,6947436.269430052
2649600,7502446.511627907
9865400,6770826.315789473
15115600,6525491.338582677
4825600,8264716.049382716
4081200,4990861.471861471
11040000,8264716.049382716
12722700,9033719.696969697
768000,1426285.7142857143
12835700,8032119.354838709
4512000,6577257.86163522
7065700,8670825.2
12273300,12923541.420118343
9408400,13761523.27586207
3950400,4904854.148471615
11198600,16927065.36312849
6664200,10128187.301587302
4464000,5521441.758241759
7968000,8264716.049382716
7047400,7427003.493449782
6368000,6577257.86163522
7228800,5521441.758241759
3942400,456145.45454545453
4259200,5648964.814814814
6075300,7427003.493449782
460800,2627471.186440678
7795600,11156651.489361702
8031000,7427003.493449782
4604500,9212127.083333334
12924800,6577257.86163522
8413800,11267743.47826087
24280800,13761523.27586207
5923400,5572875.1773049645
10737100,8194646.79144385
7140200,5572875.1773049645
7171200,6577257.86163522
3812400,4990861.471861471
460800,2627471.186440678
4800300,7427003.493449782
19065800,16927065.36312849
23190400,24033901.796407185
7577600,2151101.3698630137
20321300,24033901.796407185
10045000,7917255.395683453
14109000,12923541.420118343
10664000,8194646.79144385
5552800,4904854.148471615
3639200,5572875.1773049645
3248000,5648964.814814814
7268600,7917255.395683453
7803200,5648964.814814814
2022400,7502446.511627907
4076000,6947436.269430052
614400,2151101.3698630137
716800,1072818.6046511629
7225800,7335302.857142857
12492800,6577257.86163522
7136000,8032119.354838709
22502400,9155456.0
5208800,5648964.814814814
9141200,7892860.0
17117900,12923541.420118343
3709400,9155456.0
2721600,5521441.758241759
716800,3681280.0
23401900,9212127.083333334
12000000,5648964.814814814
14925800,9390321.212121213
6044500,7427003.493449782
20761600,2627471.186440678
6844800,8264716.049382716
1344000,3915054.5454545454
9288100,11156651.489361702
4849600,6577257.86163522
4601600,4213171.698113208
6114500,6420612.280701755
6540600,8617572.727272727
9178900,9604430.64516129
3961200,4213171.698113208
2355200,2627471.186440678
8557400,11156651.489361702
6301600,8264716.049382716
4356800,5457200.0
4440100,5999249.1228070175
4838400,5521441.758241759
1228800,1211584.2794759825
665600,2627471.186440678
6369000,8670825.2
5041600,4904854.148471615
6942700,6773153.503184713
6371200,7502446.511627907
4963200,6525491.338582677
9483500,10722364.285714285
409600,1072818.6046511629
10252800,7502446.511627907
13008700,18696161.76470588
0,2627471.186440678
5774100,8617572.727272727
1280000,550158.4905660377
4213600,4213171.698113208
5065600,6577257.86163522
5424000,6525491.338582677
6118400,5521441.758241759
7025500,7427003.493449782
691200,2627471.186440678
3626200,6525491.338582677
7776000,7502446.511627907
6909600,8670825.2
6572400,6770826.315789473
10161000,5572875.1773049645
11195200,4213171.698113208
3772800,5521441.758241759
5322200,6525491.338582677
5638600,5424037.226277372
6076800,6577257.86163522
4572800,5521441.758241759
2400000,5521441.758241759
2110400,5521441.758241759
9394600,9212127.083333334
13516600,9033719.696969697
11325200,11156651.489361702
4175600,4213171.698113208
7065600,2627471.186440678
10407300,9033719.696969697
9910000,11156651.489361702
9794300,14871509.401709402
2190400,4990861.471861471
7006100,11156651.489361702
947200,2627471.186440678
7254500,6773153.503184713
9848100,11156651.489361702
13619300,13761523.27586207
15844100,15251452.631578946
204800,1211584.2794759825
1228800,1211584.2794759825
7991800,4990861.471861471
12301000,13761523.27586207
5250800,4904854.148471615
5444300,7427003.493449782
7610900,7427003.493449782
8085600,9390321.212121213
6926600,9907051.612903226
11978000,4990861.471861471
4879600,9155456.0
27930000,16927065.36312849
2251200,4990861.471861471
16060800,7502446.511627907
9793100,11156651.489361702
16373800,8194646.79144385
9127400,8194646.79144385
22037000,16927065.36312849
2638400,5521441.758241759
4918400,5572875.1773049645
6340100,8670825.2
409600,2627471.186440678
6715000,6525491.338582677
5036900,7828053.846153846
5608600,5242493.1034482755
7323800,7828053.846153846
4391200,6947436.269430052
35684600,11156651.489361702
1510400,2151101.3698630137
6000400,4990861.471861471
512000,2627471.186440678
17100400,18696161.76470588
2713600,550158.4905660377
2201600,2151101.3698630137
6472400,10128187.301587302
2316400,6773153.503184713
409600,1426285.7142857143
3884800,6577257.86163522
6096400,6773153.503184713
51200,1211584.2794759825
8009200,9212127.083333334
3827600,4904854.148471615
9600800,5648964.814814814
8798500,7427003.493449782
12202000,7917255.395683453
3251200,2627471.186440678
6756400,4904854.148471615
3494400,6577257.86163522
1024000,2627471.186440678
6508500,6773153.503184713
24206400,15883800.0
3251200,5521441.758241759
5441200,6770826.315789473
4096000,3901062.295081967
4491600,6773153.503184713
3620800,5648964.814814814
384000,2627471.186440678
16064300,7917255.395683453
4088200,6408169.724770642
11954300,6408169.724770642
4572800,5521441.758241759
26814500,24033901.796407185
8050300,16927065.36312849
9977200,5242493.1034482755
4363700,6408169.724770642
20853900,18696161.76470588
1766400,2627471.186440678
460800,550158.4905660377
6100800,8670825.2
4642200,6525491.338582677
6481400,4990861.471861471
9265600,10722364.285714285
2971000,6525491.338582677
4896400,6408169.724770642
26508900,18696161.76470588
10021200,11156651.489361702
8422000,9033719.696969697
10213500,11156651.489361702
47796100,24033901.796407185
7792000,5521441.758241759
10985200,6525491.338582677
4790400,5521441.758241759
11452600,9155456.0
921600,2627471.186440678
10348200,8670825.2
6114200,8670825.2
8016000,6420612.280701755
14521700,18696161.76470588
14845200,11156651.489361702
4291800,6773153.503184713
27298900,17019851.724137932
2028800,5521441.758241759
4083200,5648964.814814814
8150700,8670825.2
12003200,6577257.86163522
7244800,3915054.5454545454
3986900,5424037.226277372
512000,1211584.2794759825
5916300,6408169.724770642
563200,1681017.3410404625
11929600,2627471.186440678
5264400,4990861.471861471
22764800,6577257.86163522
8105400,4990861.471861471
2304000,2627471.186440678
6673300,7917255.395683453
14849600,6525491.338582677
3020800,3681280.0
6242600,6770826.315789473
6877800,6408169.724770642
9321900,12923541.420118343
7967400,6947436.269430052
10457300,7427003.493449782
13788100,11156651.489361702
6535600,6525491.338582677
9112800,8670825.2
7000200,8194646.79144385
8297200,5648964.814814814
8531700,8670825.2
3579400,5424037.226277372
1561600,2627471.186440678
3353600,5521441.758241759
486400,2627471.186440678
2227200,3915054.5454545454
10142600,8670825.2
4729600,7502446.511627907
3041400,4990861.471861471
4864000,3915054.5454545454
1254400,2627471.186440678
3960000,6577257.86163522
4819800,4990861.471861471
10477900,13761523.27586207
4200600,6773153.503184713
21049600,24033901.796407185
10010500,10861135.454545455
166400,3915054.5454545454
3466400,5648964.814814814
14657800,17019851.724137932
9409100,10128187.301587302
1075200,1681017.3410404625
6284800,5521441.758241759
1958400,3915054.5454545454
6907200,5521441.758241759
8425900,7427003.493449782
8368800,4990861.471861471
6756200,7828053.846153846
12302900,10863653.846153846
2918400,3901062.295081967
10982400,2627471.186440678
19431900,16175187.5
3010600,6525491.338582677
6139400,9033719.696969697
15712200,12923541.420118343
13367300,14871509.401709402
21320300,17019851.724137932
22501700,14871509.401709402
28203700,24033901.796407185
5441700,8670825.2
5683200,7502446.511627907
7652400,6773153.503184713
6560000,8670825.2
1228800,1681017.3410404625
4848000,6577257.86163522
25792300,12923541.420118343
6884800,8264716.049382716
4780800,7502446.511627907
7097200,6525491.338582677
6473600,6525491.338582677
5859000,11267743.47826087
6036800,5648964.814814814
998400,2627471.186440678
9197500,10861135.454545455
13040000,8264716.049382716
17943800,7917255.395683453
8567000,7892860.0
17295600,24033901.796407185
5877400,7828053.846153846
4053200,6947436.269430052
12702800,6525491.338582677
5969600,8264716.049382716
3916800,3915054.5454545454
307200,456145.45454545453
2278400,2151101.3698630137
3993600,2627471.186440678
1561600,2627471.186440678
10383500,10128187.301587302
51200,2627471.186440678
7178600,10722364.285714285
4662300,6773153.503184713
7226600,4990861.471861471
4176800,6525491.338582677
3943700,8670825.2
8321000,9155456.0
1996800,2151101.3698630137
10541900,7828053.846153846
5088000,6770826.315789473
9553100,11156651.489361702
6082100,6770826.315789473
15585500,11156651.489361702
11725900,9604430.64516129
2329600,2627471.186440678
6951200,7917255.395683453
3993100,5999249.1228070175
1638400,2627471.186440678
1904000,5521441.758241759
21881200,12923541.420118343
1894400,3915054.5454545454
7558000,9033719.696969697
4320000,7502446.511627907
17017100,18696161.76470588
8208400,10982058.826923076
6426800,4990861.471861471
3788800,1681017.3410404625
1638400,1211584.2794759825
7964400,8194646.79144385
7614900,11156651.489361702
307200,1211584.2794759825
9165200,9212127.083333334
16507500,16927065.36312849
1203200,1306548.148148148
6754500,7427003.493449782
5754200,5424037.226277372
8535700,6773153.503184713
10676400,6687035.0
8849200,7335302.857142857
3107200,7502446.511627907
6112300,5424037.226277372
6635200,4213171.698113208
12075300,7335302.857142857
5563700,7917255.395683453
6687400,6525491.338582677
8306000,6947436.269430052
5998800,6773153.503184713
2918400,3681280.0
12335300,11156651.489361702
6551200,6525491.338582677
2355200,3901062.295081967
16768700,16927065.36312849
11462300,6773153.503184713
8001100,7828053.846153846
8326000,12923541.420118343
7953000,7427003.493449782
0,1072818.6046511629
16983400,8670825.2
5955200,6408169.724770642
20751500,18696161.76470588
4448000,8670825.2
5542800,6947436.269430052
1049600,3901062.295081967
10446900,6770826.315789473
11579000,6900063.157894737
33042900,17019851.724137932
17660800,4904854.148471615
153600,2627471.186440678
4992000,2627471.186440678
10040300,18696161.76470588
921600,1681017.3410404625
11504000,8194646.79144385
10096800,4904854.148471615
14488100,9604430.64516129
16842000,15804966.666666666
5160000,4904854.148471615
14904200,13761523.27586207
7897600,5521441.758241759
8499200,3901062.295081967
9373100,8670825.2
12865600,11156651.489361702
1100800,2627471.186440678
6675900,8194646.79144385
6033000,7427003.493449782
3734000,4904854.148471615
4713600,4990861.471861471
2304000,550158.4905660377
4390400,5521441.758241759
3267200,6577257.86163522
7085100,7917255.395683453
7503200,8264716.049382716
3840000,3915054.5454545454
4744000,5648964.814814814
20056100,18696161.76470588
2457600,1211584.2794759825
2995200,2627471.186440678
4910400,4213171.698113208
8271100,9229030.0
14143700,11535673.333333334
12389700,11332790.909090908
2316800,5521441.758241759
12344600,12923541.420118343
1228800,1072818.6046511629
7382400,5648964.814814814
12514900,11156651.489361702
10400000,8264716.049382716
8209100,7335302.857142857
6018000,4904854.148471615
5334400,7502446.511627907
20322800,13761523.27586207
4345800,8670825.2
6787400,4990861.471861471
3843000,6770826.315789473
10514200,8194646.79144385
7587200,7502446.511627907
2653600,4904854.148471615
16582400,18696161.76470588
3677000,6947436.269430052
5257600,5521441.758241759
4296800,4990861.471861471
11363200,5521441.758241759
6599200,6770826.315789473
6188700,9390321.212121213
3011200,5521441.758241759
13287400,11156651.489361702
1382400,1211584.2794759825
2249600,4213171.698113208
5024000,5521441.758241759
4748800,7502446.511627907
204800,550158.4905660377
5559200,6770826.315789473
6317700,6773153.503184713
8934000,6770826.315789473
25130000,18696161.76470588
563200,1681017.3410404625
1587200,3901062.295081967
5923600,7828053.846153846
27945200,24033901.796407185
6445500,7917255.395683453
51200,1681017.3410404625
7414300,11535673.333333334
6110500,10861135.454545455
7274800,7917255.395683453
5894400,8264716.049382716
5356400,6525491.338582677
7098300,10128187.301587302
10419800,9390321.212121213
19437700,24033901.796407185
5531700,6408169.724770642
6199900,6408169.724770642
8823400,12923541.420118343
5990400,1211584.2794759825
6587800,4990861.471861471
9858100,12923541.420118343
20755700,24033901.796407185
15712000,7502446.511627907
4680500,6773153.503184713
7097600,8264716.049382716
6508700,8194646.79144385
14300000,4213171.698113208
5910600,8194646.79144385
153600,1211584.2794759825
6123900,6773153.503184713
6276200,6770826.315789473
512000,1681017.3410404625
345600,2627471.186440678
153600,550158.4905660377
8477500,9604430.64516129
15658800,5648964.814814814
2112000,2627471.186440678
8180100,6773153.503184713
153600,550158.4905660377
10183500,11332790.909090908
1497600,3915054.5454545454
7631200,5648964.814814814
256000,2151101.3698630137
0,1072818.6046511629
2918400,3915054.5454545454
4282300,5424037.226277372
19957100,7427003.493449782
8561600,6525491.338582677
12719900,16927065.36312849
4249600,6577257.86163522
5980800,5648964.814814814
6092800,2627471.186440678
3932000,8264716.049382716
1587200,1153219.0476190476
17122000,5424037.226277372
5916800,4904854.148471615
2728000,5648964.814814814
11977600,5521441.758241759
1126400,2627471.186440678
204800,550158.4905660377
5500000,5624623.2558139535
7641200,6773153.503184713
4626400,4904854.148471615
6970200,8194646.79144385
11360500,10861135.454545455
11985800,4990861.471861471
20315500,13761523.27586207
6739700,7828053.846153846
17280000,8264716.049382716
11204500,12923541.420118343
22996000,24033901.796407185
486400,2627471.186440678
7627200,8264716.049382716
6184900,8194646.79144385
19500600,17019851.724137932
358400,1211584.2794759825
9502400,6770826.315789473
5339600,4990861.471861471
7609400,9155456.0
5544400,6770826.315789473
3660800,2151101.3698630137
13851400,11156651.489361702
5872000,7502446.511627907
9942600,9033719.696969697
358400,550158.4905660377
17053700,16927065.36312849
5888100,7828053.846153846
7883600,6687035.0
4751700,6773153.503184713
6514600,7892860.0
10137700,5424037.226277372
7909900,7917255.395683453
8385600,5521441.758241759
23989800,9155456.0
9356800,2627471.186440678
24431000,16927065.36312849
6679700,6420612.280701755
3123200,1211584.2794759825
4252800,4990861.471861471
5737300,8670825.2
6685200,5648964.814814814
1152000,2627471.186440678
8177600,11156651.489361702
7392000,5521441.758241759
6134400,6577257.86163522
8284800,7502446.511627907
14316800,6577257.86163522
5425800,6947436.269430052
6263200,8194646.79144385
5792600,11267743.47826087
7013800,8617572.727272727
358400,550158.4905660377
3288000,5521441.758241759
1024000,3901062.295081967
6659400,7427003.493449782
5414400,10982058.826923076
3430400,2627471.186440678
6918800,28468400.0
998400,2627471.186440678
10505900,13761523.27586207
4978400,6770826.315789473
8827600,9155456.0
6952900,8194646.79144385
6045400,6420612.280701755
5864200,8670825.2
4255200,5648964.814814814
10109600,14871509.401709402
7844300,9604430.64516129
9548800,3901062.295081967
2636800,2627471.186440678
4394400,4904854.148471615
18560000,5521441.758241759
1843200,2151101.3698630137
7431800,10722364.285714285
3797000,6947436.269430052
12713600,6408169.724770642
332800,2627471.186440678
7604200,6947436.269430052
6240100,6773153.503184713
6945500,6770826.315789473
4149000,5424037.226277372
7755500,6408169.724770642
15823500,24033901.796407185
9630500,13761523.27586207
3126400,4213171.698113208
10044600,7335302.857142857
4547200,5648964.814814814
307200,2627471.186440678
5898400,5572875.1773049645
6522600,6947436.269430052
5770000,6408169.724770642
11108200,7917255.395683453
6092800,3901062.295081967
9560900,12923541.420118343
6539400,5572875.1773049645
8950000,11156651.489361702
5726800,6770826.315789473
5961600,5521441.758241759
11219200,8264716.049382716
14524900,15251452.631578946
5399500,8670825.2
1792000,6577257.86163522
6258600,6770826.315789473
47390100,24033901.796407185
256000,1211584.2794759825
6276300,8670825.2
8645500,7427003.493449782
23440900,24033901.796407185
14412300,18696161.76470588
0,1211584.2794759825
7995200,7502446.511627907
8827200,6770826.315789473
14588500,15251452.631578946
1484800,2627471.186440678
3587200,6577257.86163522
3564800,5521441.758241759
10748800,11156651.489361702
5779000,8194646.79144385
4582400,2627471.186440678
5563200,5572875.1773049645
5351300,6773153.503184713
17368300,18696161.76470588
3769600,5521441.758241759
6255200,5648964.814814814
19735700,24033901.796407185
19146600,16927065.36312849
9763300,8194646.79144385
7711100,8670825.2
6269600,7427003.493449782
16834200,15287400.0
9481900,7427003.493449782
3384400,6947436.269430052
21676800,24033901.796407185
793600,1681017.3410404625
8672600,15597353.333333334
5523200,9033719.696969697
15482700,14871509.401709402
15971100,18696161.76470588
153600,5969066.666666667
4903400,6947436.269430052
12112000,24033901.796407185
16005900,11156651.489361702
1971200,2627471.186440678
716800,2627471.186440678
4978400,6770826.315789473
2304000,1426285.7142857143
6943600,8670825.2
8219400,11156651.489361702
9598700,7828053.846153846
3456000,1681017.3410404625
1075200,1211584.2794759825
153600,550158.4905660377
12668800,11156651.489361702
5230400,8264716.049382716
7572200,10722364.285714285
10710400,7502446.511627907
4709400,6773153.503184713
10642400,5648964.814814814
4198400,2627471.186440678
9879200,9155456.0
6127600,4904854.148471615
5640700,5242493.1034482755
8289000,6770826.315789473
665600,3901062.295081967
13052800,6577257.86163522
0,1072818.6046511629
14801000,10861135.454545455
5088000,6577257.86163522
5649700,8670825.2
6602600,6420612.280701755
6579400,9907051.612903226
7014700,8194646.79144385
2508800,1681017.3410404625
4067200,6577257.86163522
9912000,7502446.511627907
6912000,7502446.511627907
678400,2627471.186440678
9205900,12923541.420118343
15952600,11267743.47826087
7814700,8670825.2
6328000,6577257.86163522
8194100,7892860.0
256000,5196800.0
22507800,5572875.1773049645
6593400,9033719.696969697
2768000,5521441.758241759
4659200,3915054.5454545454
8720000,5648964.814814814
14356000,5648964.814814814
6546100,8194646.79144385
5617000,6770826.315789473
8442100,7427003.493449782
12851600,11156651.489361702
8793900,9033719.696969697
15109600,9155456.0
6545600,5521441.758241759
1254400,2627471.186440678
5054400,4213171.698113208
9199800,11267743.47826087
6577900,8670825.2
9498800,6773153.503184713
358400,1681017.3410404625
10425200,9212127.083333334
4070800,4990861.471861471
7805700,7427003.493449782
332800,2627471.186440678
4433600,5648964.814814814
6604800,6577257.86163522
20350800,17019851.724137932
4985600,7502446.511627907
4889600,41446400.0
7705600,6577257.86163522
5614500,7917255.395683453
8426100,8194646.79144385
9632800,6420612.280701755
230400,1681017.3410404625
13041300,6770826.315789473
921600,2627471.186440678
27371400,24033901.796407185
9360000,30008000.0
6066400,8670825.2
1728000,2627471.186440678
8960000,13761523.27586207
0,550158.4905660377
4045200,4213171.698113208
11556300,10722364.285714285
9071800,24033901.796407185
6733600,6770826.315789473
12062500,12923541.420118343
2963200,5648964.814814814
8754800,7917255.395683453
7300700,6770826.315789473
3739400,9907051.612903226
281600,1153219.0476190476
3430400,4904854.148471615
256000,1072818.6046511629
4615000,8670825.2
4643200,5648964.814814814
4196800,6577257.86163522
256000,2151101.3698630137
204800,2627471.186440678
1433600,2151101.3698630137
4531200,5521441.758241759
1856000,2627471.186440678
9028900,11156651.489361702
5701700,7828053.846153846
19518900,24033901.796407185
7910200,8670825.2
23894800,11156651.489361702
2589600,4213171.698113208
14019500,17019851.724137932
6927200,6408169.724770642
8659000,9033719.696969697
10118100,12923541.420118343
1638400,550158.4905660377
3438200,6525491.338582677
3942400,1211584.2794759825
10540100,8617572.727272727
20861100,18696161.76470588
4778500,6770826.315789473
6450800,7427003.493449782
17556900,11156651.489361702
6500700,7427003.493449782
6029800,8670825.2
6846900,7917255.395683453
10706000,11156651.489361702
5502800,5572875.1773049645
10491400,10861135.454545455
844800,5196800.0
7138300,7335302.857142857
10291200,2627471.186440678
7208500,11267743.47826087
9346600,16927065.36312849
4302400,6525491.338582677
6141600,5648964.814814814
8423100,12923541.420118343
998400,3901062.295081967
6922500,8670825.2
10296200,12923541.420118343
3752700,6770826.315789473
14600000,10982058.826923076
17073000,16927065.36312849
10188800,3901062.295081967
8300300,7828053.846153846
10384000,6577257.86163522
2702400,4213171.698113208
11122700,9033719.696969697
563200,2627471.186440678
4474700,6773153.503184713
6228000,7828053.846153846
16095100,8194646.79144385
5323600,7892860.0
9425100,11156651.489361702
51200,1211584.2794759825
21674600,18696161.76470588
3786400,4213171.698113208
614400,1681017.3410404625
7246200,7427003.493449782
45333200,17019851.724137932
2099200,2627471.186440678
10540000,10982058.826923076
8361200,6947436.269430052
3157300,5424037.226277372
4881400,6770826.315789473
6604600,8670825.2
14962100,10128187.301587302
10093200,10722364.285714285
4727900,8194646.79144385
5792000,6577257.86163522
5019600,5424037.226277372
1638400,1211584.2794759825
8498400,6408169.724770642
3153600,4904854.148471615
256000,1211584.2794759825
6809400,5424037.226277372
6809600,8264716.049382716
7758400,6577257.86163522
4590800,6947436.269430052
9274400,11535673.333333334
6246400,2627471.186440678
3434000,4904854.148471615
2776000,4990861.471861471
7330400,8194646.79144385
16204300,18696161.76470588
8056000,8264716.049382716
5774900,7427003.493449782
1740800,2627471.186440678
9474600,8194646.79144385
10093000,14871509.401709402
7056400,6525491.338582677
1408000,3901062.295081967
8631800,9390321.212121213
2920200,4990861.471861471
3370800,4904854.148471615
5105600,5521441.758241759
10803200,3901062.295081967
6474400,8194646.79144385
6551400,8194646.79144385
3974600,6525491.338582677
6504100,10861135.454545455
8740000,6773153.503184713
4815100,8194646.79144385
972800,2627471.186440678
10715700,8194646.79144385
6172800,6947436.269430052
15093800,18696161.76470588
793600,2151101.3698630137
1625600,2627471.186440678
512000,1211584.2794759825
8000000,5457200.0
384000,2151101.3698630137
25496700,24033901.796407185
5854000,8194646.79144385
4699200,5648964.814814814
11858800,10982058.826923076
20980100,24033901.796407185
11834700,11156651.489361702
6714300,5999249.1228070175
8160000,8264716.049382716
26089300,18696161.76470588
7628700,11156651.489361702
3016000,8264716.049382716
10854400,550158.4905660377
3760400,5572875.1773049645
12754000,8670825.2
6139200,4213171.698113208
31810400,18696161.76470588
2879000,6770826.315789473
18236400,8670825.2
9939800,11267743.47826087
8593600,8264716.049382716
15542700,7427003.493449782
9193800,8032119.354838709
8060800,6577257.86163522
5707200,6770826.315789473
3984000,5648964.814814814
7903200,5648964.814814814
21199800,24033901.796407185
5529700,10128187.301587302
857600,2627471.186440678
3910900,5424037.226277372
153600,1681017.3410404625
10766900,7427003.493449782
6214400,6577257.86163522
6652800,8670825.2
6072600,4990861.471861471
2099200,2151101.3698630137
10312400,11156651.489361702
8742400,5648964.814814814
5681600,9033719.696969697
4550400,7502446.511627907
6112600,7917255.395683453
1587200,3901062.295081967
9062400,3915054.5454545454
2873200,4904854.148471615
3490400,5648964.814814814
9863800,11332790.909090908
10775200,6525491.338582677
4337800,8670825.2
3814400,5521441.758241759
5636800,4213171.698113208
13583100,16927065.36312849
3440000,7502446.511627907
18014100,14871509.401709402
6675900,8617572.727272727
5158400,6577257.86163522
6373600,5572875.1773049645
5047900,6773153.503184713
3814400,2627471.186440678
20110300,8194646.79144385
10942900,8670825.2
12361200,8194646.79144385
4833700,7427003.493449782
9057000,7427003.493449782
998400,2627471.186440678
1960000,5521441.758241759
4343400,5999249.1228070175
20800200,16927065.36312849
10244300,6770826.315789473
11607200,17019851.724137932
3448000,5648964.814814814
8258500,10128187.301587302
15433700,24033901.796407185
8020000,6770826.315789473
6051200,5457200.0
3851500,5424037.226277372
6132400,5624623.2558139535
12097200,13761523.27586207
6600400,4904854.148471615
4918400,5521441.758241759
3336000,4213171.698113208
8632000,8264716.049382716
640000,2627471.186440678
1472000,3915054.5454545454
8160400,13761523.27586207
8608000,7502446.511627907
8903600,7917255.395683453
12561600,7917255.395683453
8851200,7502446.511627907
7894400,8264716.049382716
10493600,7427003.493449782
563200,1681017.3410404625
10056500,11156651.489361702
26226300,18696161.76470588
6380800,6577257.86163522
2048000,1681017.3410404625
4658000,6525491.338582677
6507800,5572875.1773049645
128000,2627471.186440678
1100800,2627471.186440678
25359400,17019851.724137932
2426400,4213171.698113208
13697200,5648964.814814814
3046400,2627471.186440678
17725400,16927065.36312849
7636900,10268700.0
9947300,11156651.489361702
3476000,5648964.814814814
2915200,5521441.758241759
14942600,15251452.631578946
358400,1211584.2794759825
5717200,6947436.269430052
8769200,8670825.2
19745300,7335302.857142857
16644700,24033901.796407185
512000,1211584.2794759825
8052100,10982058.826923076
7152000,5521441.758241759
3878400,3915054.5454545454
11050000,10863653.846153846
5944500,5424037.226277372
6681400,6420612.280701755
4753400,4990861.471861471
10577000,15251452.631578946
10038500,8194646.79144385
9481000,7917255.395683453
92838800,18696161.76470588
4206800,4213171.698113208
9292200,8670825.2
9715200,7502446.511627907
2508800,2151101.3698630137
18099200,7502446.511627907
4314900,8194646.79144385
16751600,16927065.36312849
153600,550158.4905660377
4601600,6577257.86163522
1775200,4213171.698113208
1382400,2627471.186440678
7284100,6773153.503184713
972800,1681017.3410404625
844800,2627471.186440678
11852000,6947436.269430052
4868800,5648964.814814814
18879800,18696161.76470588
7329000,5572875.1773049645
7106000,11156651.489361702
7840000,5521441.758241759
7952900,7427003.493449782
8934400,2627471.186440678
6617700,9604430.64516129
3652800,5648964.814814814
2840000,5424037.226277372
17572000,6770826.315789473
15363100,9604430.64516129
15185900,16927065.36312849
1459200,2627471.186440678
4924800,6577257.86163522
10429600,10722364.285714285
4560700,24033901.796407185
1484800,1681017.3410404625
5345600,5648964.814814814
1177600,1211584.2794759825
2816000,2627471.186440678
1817600,2151101.3698630137
49971200,1211584.2794759825
7041300,7917255.395683453
2432000,2627471.186440678
9582500,11156651.489361702
4103600,4904854.148471615
6512100,8194646.79144385
6894400,6773153.503184713
281600,5196800.0
2572800,2627471.186440678
3780000,5624623.2558139535
12257100,8032119.354838709
22812400,6773153.503184713
15296000,6577257.86163522
3380800,7502446.511627907
1075200,1681017.3410404625
7705600,6577257.86163522
7447300,10722364.285714285
358400,2627471.186440678
2764800,2627471.186440678
3586400,5648964.814814814
8163800,11156651.489361702
5266100,6773153.503184713
4499200,5521441.758241759
896000,2627471.186440678
7091200,2627471.186440678
17280800,24033901.796407185
2560000,1681017.3410404625
33389900,24644666.666666668
17659300,11156651.489361702
5335800,6773153.503184713
6091800,6947436.269430052
4185600,3915054.5454545454
4662400,6577257.86163522
5616400,8670825.2
16007900,14871509.401709402
9688200,12923541.420118343
10758400,7502446.511627907
4780800,7502446.511627907
8324900,8194646.79144385
15757000,24033901.796407185
4588000,6947436.269430052
4732800,5521441.758241759
8347200,6408169.724770642
11750400,6577257.86163522
12406400,6577257.86163522
9499400,4990861.471861471
2048000,3681280.0
9532800,6577257.86163522
3630400,5648964.814814814
6292500,5424037.226277372
9656900,9033719.696969697
4917800,7427003.493449782
3123200,1211584.2794759825
563200,1211584.2794759825
11598900,8194646.79144385
18431600,18696161.76470588
5645000,8670825.2
7689800,7427003.493449782
4348400,8670825.2
6841800,7427003.493449782
5952000,5521441.758241759
11236400,8670825.2
18474500,10982058.826923076
4035200,8264716.049382716
8229100,7427003.493449782
17884700,14871509.401709402
7497600,5624623.2558139535
3699200,3915054.5454545454
5794300,7427003.493449782
5665100,7427003.493449782
8645900,6773153.503184713
12259400,14871509.401709402
5831200,6408169.724770642
1254400,2627471.186440678
3660800,2151101.3698630137
17844800,8194646.79144385
4996300,6773153.503184713
3914900,6770826.315789473
5241700,11156651.489361702
8045000,8194646.79144385
5998400,7502446.511627907
17073100,24033901.796407185
4193200,4213171.698113208
17635100,18696161.76470588
7996800,8194646.79144385
7666400,4990861.471861471
25124000,8194646.79144385
4383400,7917255.395683453
3481600,2627471.186440678
7210800,7427003.493449782
5760100,10722364.285714285
11806000,7917255.395683453
3972800,5648964.814814814
17114400,13761523.27586207
10240000,8264716.049382716
2872800,5648964.814814814
10083800,10722364.285714285
3699200,2627471.186440678
2767000,4990861.471861471
4939700,5242493.1034482755
13956200,10863653.846153846
5927500,5424037.226277372
6629000,8670825.2
7967800,7427003.493449782
7944900,10128187.301587302
332800,2627471.186440678
6311100,6408169.724770642
5894900,7427003.493449782
3180400,4990861.471861471
2867200,1211584.2794759825
5852800,8264716.049382716
7459200,5521441.758241759
601600,3915054.5454545454
3573600,5648964.814814814
8089600,2627471.186440678
8918200,9604430.64516129
25367900,6687035.0
9726300,12923541.420118343
6817600,5648964.814814814
7696000,6577257.86163522
614400,2627471.186440678
4516700,5424037.226277372
3960000,5521441.758241759
3326400,5648964.814814814
2220800,6577257.86163522
4745200,4904854.148471615
7014400,6577257.86163522
819200,2151101.3698630137
9915300,12923541.420118343
6297600,2151101.3698630137
14352600,9033719.696969697
9824600,11156651.489361702
6844600,11156651.489361702
5853300,11156651.489361702
716800,1153219.0476190476
8332800,9033719.696969697
6246000,4904854.148471615
6743000,4990861.471861471
10252800,7502446.511627907
7657000,8670825.2
7552000,2627471.186440678
9653700,12923541.420118343
4608000,2627471.186440678
10836400,7917255.395683453
6169200,7917255.395683453
7453200,8670825.2
27230600,14871509.401709402
10470400,9715200.0
6671400,6525491.338582677
4663000,5572875.1773049645
4805700,6408169.724770642
22242200,24033901.796407185
16034300,18696161.76470588
17706800,8032119.354838709
12361400,14871509.401709402
6293500,5242493.1034482755
6458900,8670825.2
5998400,6577257.86163522
4625600,5648964.814814814
8501000,7892860.0
12514000,13761523.27586207
1356800,2151101.3698630137
102400,550158.4905660377
5419000,9155456.0
3968800,6525491.338582677
716800,2627471.186440678
7981000,8617572.727272727
281600,2627471.186440678
5894400,8670825.2
2124800,2627471.186440678
1408000,2627471.186440678
1766400,3901062.295081967
9372700,5999249.1228070175
6707200,5521441.758241759
9227200,6525491.338582677
8065200,6947436.269430052
3481600,2151101.3698630137
10191500,10722364.285714285
665600,3901062.295081967
13890300,12923541.420118343
12426700,10861135.454545455
6275600,4213171.698113208
2616400,4904854.148471615
8389300,9033719.696969697
5064800,4213171.698113208
4720800,4213171.698113208
5905600,6947436.269430052
6252300,8194646.79144385
4812800,5521441.758241759
8286700,6773153.503184713
716800,3915054.5454545454
6548300,8194646.79144385
8829500,8670825.2
3268000,4213171.698113208
6694700,6408169.724770642
15975900,10722364.285714285
9076700,10982058.826923076
7282000,6947436.269430052
12927800,9390321.212121213
4179200,6577257.86163522
307200,1306548.148148148
11760000,8264716.049382716
5402100,6773153.503184713
12656400,10128187.301587302
8415400,6408169.724770642
7453600,4990861.471861471
6628200,6770826.315789473
4550400,15554400.0
5026400,4213171.698113208
1536000,2151101.3698630137
2569600,6577257.86163522
4812800,5648964.814814814
32144000,18696161.76470588
17372300,14871509.401709402
6374400,6577257.86163522
5673600,6577257.86163522
1297200,4213171.698113208
12591900,7917255.395683453
14745100,11535673.333333334
9884800,9033719.696969697
8159400,9155456.0
6522800,7828053.846153846
6849800,8194646.79144385
3814400,2627471.186440678
1228800,2627471.186440678
4974400,5521441.758241759
9945600,6577257.86163522
21193400,24033901.796407185
3640800,5648964.814814814
384000,2627471.186440678
6928400,5648964.814814814
3020800,2627471.186440678
7244200,6770826.315789473
7287300,7427003.493449782
4102400,6577257.86163522
36268200,16927065.36312849
8331600,7427003.493449782
5745600,5521441.758241759
6246400,1211584.2794759825
486400,1681017.3410404625
6128200,6770826.315789473
4829200,6773153.503184713
3434700,5424037.226277372
10742700,13761523.27586207
23247600,16927065.36312849
7648800,5648964.814814814
9577000,10722364.285714285
5683200,6387200.0
5771000,7828053.846153846
3281400,6947436.269430052
25479500,16927065.36312849
3768000,6770826.315789473
12706100,16927065.36312849
1228800,1211584.2794759825
13290800,16927065.36312849
16972800,3901062.295081967
1254400,2151101.3698630137
6560000,8264716.049382716
2892800,2627471.186440678
10984000,8194646.79144385
6811200,5572875.1773049645
9482300,12923541.420118343
6713200,8670825.2
8288000,6577257.86163522
6302800,5648964.814814814
12199800,9604430.64516129
7193600,2627471.186440678
11188000,6770826.315789473
6406400,5521441.758241759
3750400,4990861.471861471
16686400,18696161.76470588
1305600,3915054.5454545454
1536000,1211584.2794759825
6714000,6770826.315789473
6294300,9390321.212121213
3424000,7502446.511627907
4440200,5572875.1773049645
24344200,8670825.2
3654400,5521441.758241759
8587500,8194646.79144385
10467000,9390321.212121213
17430700,14871509.401709402
5262800,6947436.269430052
6128400,5648964.814814814
21720300,24033901.796407185
8561200,8194646.79144385
691200,2151101.3698630137
5529600,1211584.2794759825
4554600,7427003.493449782
102400,550158.4905660377
13868200,9155456.0
12361300,12923541.420118343
5284700,6773153.503184713
21879900,16927065.36312849
32614400,2627471.186440678
435200,2627471.186440678
204800,2151101.3698630137
4898300,6773153.503184713
486400,2627471.186440678
11525900,8194646.79144385
0,550158.4905660377
7966600,8194646.79144385
9929200,9604430.64516129
5594400,4904854.148471615
2803200,3915054.5454545454
6163400,5572875.1773049645
7566900,10861135.454545455
3098800,6525491.338582677
3221000,5572875.1773049645
9934800,8194646.79144385
8527800,6947436.269430052
4198400,2151101.3698630137
3635200,3915054.5454545454
1433600,1072818.6046511629
14498600,11156651.489361702
742400,1681017.3410404625
5359900,7335302.857142857
6618600,14871509.401709402
24663700,18696161.76470588
14497700,9033719.696969697
6544900,10861135.454545455
7166100,9212127.083333334
7134100,7166255.555555556
15117000,11156651.489361702
5506400,9390321.212121213
3660000,4904854.148471615
22186200,16927065.36312849
11904600,14871509.401709402
460800,2151101.3698630137
6241000,8670825.2
2252800,1211584.2794759825
3449600,5521441.758241759
6009600,5521441.758241759
9762900,9033719.696969697
7239500,6408169.724770642
9424000,6577257.86163522
9796500,9604430.64516129
3714000,4904854.148471615
16168500,7335302.857142857
768000,2627471.186440678
1856000,3915054.5454545454
6453100,6687035.0
14817000,6770826.315789473
4948000,5648964.814814814
1612800,2627471.186440678
256000,1153219.0476190476
3814400,1681017.3410404625
1843200,1681017.3410404625
9912100,9604430.64516129
12170900,12923541.420118343
5164800,6577257.86163522
1740800,1681017.3410404625
5915900,9390321.212121213
14916900,11156651.489361702
460800,2627471.186440678
7625300,10861135.454545455
5435200,4213171.698113208
6966200,8194646.79144385
10310300,9033719.696969697
14237200,8670825.2
9280000,5648964.814814814
8684000,4904854.148471615
4602400,7427003.493449782
9754400,11267743.47826087
1228800,1211584.2794759825
6259200,5521441.758241759
9946900,8194646.79144385
6961000,6770826.315789473
22504200,5424037.226277372
3358600,6947436.269430052
14412800,2627471.186440678
7059900,6773153.503184713
4187000,4990861.471861471
6105600,6577257.86163522
896000,3915054.5454545454
7323300,5999249.1228070175
4774300,6408169.724770642
9375300,10982058.826923076
8245600,7427003.493449782
2636800,2627471.186440678
9491200,12923541.420118343
1280000,2627471.186440678
6651600,10276100.0
15566200,16927065.36312849
11624900,8670825.2
8017000,8194646.79144385
1433600,1211584.2794759825
3926400,6525491.338582677
1484800,1211584.2794759825
6713600,6770826.315789473
2816000,1211584.2794759825
12828200,6770826.315789473
10535200,8617572.727272727
2483200,2627471.186440678
6861200,7892860.0
9639200,8194646.79144385
10096900,11156651.489361702
7750800,11535673.333333334
3736400,5999249.1228070175
3305600,6947436.269430052
15857600,8194646.79144385
8704000,5572875.1773049645
896000,2627471.186440678
5702400,6577257.86163522
332800,1681017.3410404625
716800,2627471.186440678
8073600,6577257.86163522
409600,2627471.186440678
2908800,6577257.86163522
13557800,13761523.27586207
9228300,8617572.727272727
8500000,11156651.489361702
10877600,6947436.269430052
17920000,5521441.758241759
5459200,7502446.511627907
4033400,6525491.338582677
5696000,5521441.758241759
6201600,6577257.86163522
23765700,16927065.36312849
4753600,4990861.471861471
3971200,7502446.511627907
8354800,6947436.269430052
2969600,1306548.148148148
6314600,8194646.79144385
9522200,6900063.157894737
5834600,4990861.471861471
7629700,8194646.79144385
3969600,6577257.86163522
5005600,4213171.698113208
2999600,4904854.148471615
6854400,5648964.814814814
11160500,10128187.301587302
3988800,6525491.338582677
4790800,5648964.814814814
14078400,11267743.47826087
12154400,11156651.489361702
2598400,5521441.758241759
4739200,6525491.338582677
5326600,6525491.338582677
10165600,9155456.0
6268900,10128187.301587302
4155100,7427003.493449782
5609200,6770826.315789473
4721400,6773153.503184713
1587200,1211584.2794759825
947200,2627471.186440678
8961900,16927065.36312849
11440700,7828053.846153846
5859800,7427003.493449782
7439900,10982058.826923076
14487600,6770826.315789473
6784000,2627471.186440678
8518400,5521441.758241759
5972400,4904854.148471615
12356700,13086433.333333334
3739200,5648964.814814814
8837700,12923541.420118343
19584000,6577257.86163522
4142200,6900063.157894737
10429800,12923541.420118343
460800,2151101.3698630137
14791900,18696161.76470588
7708800,6577257.86163522
9825400,10861135.454545455
16166700,8617572.727272727
3100800,6577257.86163522
128000,2627471.186440678
6435200,6577257.86163522
5189400,7427003.493449782
9979700,10861135.454545455
3402400,5648964.814814814
128000,2627471.186440678
11988600,10128187.301587302
5211600,7427003.493449782
5168700,6773153.503184713
3089200,4904854.148471615
10213800,9390321.212121213
8032000,6577257.86163522
5604200,4990861.471861471
8620600,6900063.157894737
8247600,4213171.698113208
51200,550158.4905660377
8763900,12923541.420118343
18435400,18696161.76470588
4236500,6773153.503184713
17691400,24033901.796407185
0,1211584.2794759825
3768100,6770826.315789473
12293200,14871509.401709402
588800,3901062.295081967
4822600,6900063.157894737
6352200,8670825.2
5364900,6773153.503184713
5832800,5572875.1773049645
3520000,6577257.86163522
9960500,15251452.631578946
4025800,6947436.269430052
19417200,24033901.796407185
7239900,9033719.696969697
4288800,4904854.148471615
8956500,8194646.79144385
15571600,18696161.76470588
5778400,5624623.2558139535
8450400,15597353.333333334
5835200,6577257.86163522
4542400,5648964.814814814
4810200,4990861.471861471
10746200,11156651.489361702
2172800,6577257.86163522
2093600,4213171.698113208
6311600,8194646.79144385
2227200,3901062.295081967
17222000,8670825.2
3903400,5424037.226277372
5939000,6947436.269430052
19353600,3915054.5454545454
6178300,6687035.0
9648700,17019851.724137932
4031200,5648964.814814814
8578400,10861135.454545455
5348200,5242493.1034482755
3337600,7502446.511627907
7820600,5242493.1034482755
3584000,2627471.186440678
1945600,1211584.2794759825
26395900,18696161.76470588
12667300,13761523.27586207
5689600,5648964.814814814
16072200,18696161.76470588
7103400,6770826.315789473
4900800,4904854.148471615
8052300,8194646.79144385
12495200,11156651.489361702
3840000,1681017.3410404625
3488200,5424037.226277372
20190900,18696161.76470588
5407800,5572875.1773049645
4268400,6525491.338582677
9824800,5648964.814814814
1510400,2627471.186440678
5773700,8194646.79144385
2752000,3915054.5454545454
4975200,8194646.79144385
281600,2627471.186440678
11674800,4990861.471861471
15273700,18696161.76470588
896000,2151101.3698630137
11121200,18696161.76470588
6134100,8670825.2
3241600,5521441.758241759
4295600,6525491.338582677
12724700,11156651.489361702
10770200,14871509.401709402
4431600,5572875.1773049645
2564300,5424037.226277372
3712000,2627471.186440678
8335600,6408169.724770642
13524400,33094800.0
9150400,5521441.758241759
7315200,15554400.0
11619100,18696161.76470588
17582700,10722364.285714285
9474600,6770826.315789473
13558200,24033901.796407185
14936800,5648964.814814814
4769600,4213171.698113208
7797500,15086980.0
8218000,10982058.826923076
8348800,5521441.758241759
8781200,7427003.493449782
10856800,5457200.0
8964200,10863653.846153846
8308800,8264716.049382716
6393600,5521441.758241759
10811800,9212127.083333334
22062300,24033901.796407185
6283500,11267743.47826087
7049000,6773153.503184713
2829200,4904854.148471615
1843200,550158.4905660377
5204400,4904854.148471615
3908800,4213171.698113208
7858600,5572875.1773049645
2526400,5521441.758241759
358400,2151101.3698630137
4070400,3915054.5454545454
11359400,15251452.631578946
6349800,6770826.315789473
15123200,18696161.76470588
7554600,7335302.857142857
332800,3915054.5454545454
2995200,3901062.295081967
4474000,5648964.814814814
12365300,18696161.76470588
8656200,8194646.79144385
5592300,5424037.226277372
8109100,7427003.493449782
3904000,6577257.86163522
15170400,8670825.2
10662700,13761523.27586207
5913000,7427003.493449782
11373200,5648964.814814814
16460500,16927065.36312849
9645300,14871509.401709402
28297100,18696161.76470588
3188800,9155456.0
14598200,11156651.489361702
5392600,7828053.846153846
6686800,7427003.493449782
9685800,6770826.315789473
1369600,2627471.186440678
4575600,5424037.226277372
7883000,9155456.0
9066400,8194646.79144385
10397200,4990861.471861471
14374400,15554400.0
2977400,6947436.269430052
2083200,5521441.758241759
9513200,9212127.083333334
5212000,5648964.814814814
4000000,5521441.758241759
6111700,7828053.846153846
9549500,9604430.64516129
11059200,9715200.0
6463500,8670825.2
3960400,4213171.698113208
5050400,6525491.338582677
1305600,3901062.295081967
8553400,13761523.27586207
0,550158.4905660377
5486800,7892860.0
691200,3901062.295081967
3336800,5648964.814814814
10348300,9604430.64516129
8252000,9155456.0
7301600,5648964.814814814
4493200,4904854.148471615
7255200,9155456.0
8654000,10722364.285714285
9182600,11267743.47826087
3908800,5521441.758241759
21429500,24033901.796407185
1740800,2627471.186440678
7736600,10722364.285714285
18751100,9033719.696969697
5285400,4990861.471861471
563200,2627471.186440678
34551400,24033901.796407185
6382400,6770826.315789473
8111300,8194646.79144385
8449800,9604430.64516129
11283600,11156651.489361702
1979200,4213171.698113208
13975100,7917255.395683453
7161800,8617572.727272727
307200,3901062.295081967
11387900,13761523.27586207
332800,2627471.186440678
6435200,6770826.315789473
6536900,9390321.212121213
179200,2151101.3698630137
6374400,2627471.186440678
9062400,1211584.2794759825
6397800,6770826.315789473
8218000,10861135.454545455
25071000,14871509.401709402
3929600,7502446.511627907
5676800,5521441.758241759
7726400,8264716.049382716
9925900,11156651.489361702
1280000,1211584.2794759825
8130300,7828053.846153846
614400,5196800.0
4128400,6947436.269430052
6727800,6770826.315789473
6764900,7917255.395683453
409600,1211584.2794759825
128000,2151101.3698630137
5964800,7828053.846153846
2355200,2627471.186440678
4081300,6770826.315789473
1664000,1153219.0476190476
8329100,7828053.846153846
7776000,5521441.758241759
13771300,11156651.489361702
3251200,2151101.3698630137
3268800,8264716.049382716
7396200,5572875.1773049645
1024000,2627471.186440678
9401600,6577257.86163522
6250400,8670825.2
4458800,5572875.1773049645
8436800,6577257.86163522
8193800,9604430.64516129
14131500,16927065.36312849
6825900,6773153.503184713
9142000,6408169.724770642
7225700,6770826.315789473
7912800,4213171.698113208
12051400,6947436.269430052
5120000,1681017.3410404625
5913600,6577257.86163522
14539300,13761523.27586207
3303400,6525491.338582677
9424000,8264716.049382716
4402600,6525491.338582677
3995400,4990861.471861471
1996800,1072818.6046511629
15923200,6577257.86163522
6737400,6900063.157894737
6752500,5242493.1034482755
9740000,5648964.814814814
10462900,15804966.666666666
3865600,2627471.186440678
7617800,8194646.79144385
4690500,8670825.2
4208800,5648964.814814814
6099800,5572875.1773049645
15746500,10861135.454545455
435200,2627471.186440678
10531300,8194646.79144385
460800,550158.4905660377
12595800,6770826.315789473
6982200,6770826.315789473
0,550158.4905660377
6129800,4990861.471861471
6586100,9212127.083333334
13927100,18696161.76470588
3072000,6577257.86163522
7271300,9390321.212121213
947200,2151101.3698630137
5733600,6947436.269430052
25829900,24033901.796407185
256000,1211584.2794759825
3482500,10128187.301587302
5733700,5424037.226277372
7896900,9604430.64516129
11631200,13761523.27586207
3746400,5648964.814814814
5217400,5572875.1773049645
6272300,7917255.395683453
3072000,550158.4905660377
5402200,4990861.471861471
11513200,7917255.395683453
4316000,4213171.698113208
4790400,6577257.86163522
5062400,7502446.511627907
14214900,16927065.36312849
3326400,4904854.148471615
6936000,5648964.814814814
17768100,18696161.76470588
3592100,5999249.1228070175
5490400,8264716.049382716
4556000,5648964.814814814
4556800,3915054.5454545454
9983400,9604430.64516129
2252800,1681017.3410404625
6535800,6770826.315789473
9128400,5648964.814814814
3494400,5521441.758241759
10579600,12923541.420118343
5439200,5648964.814814814
460800,1211584.2794759825
2742400,5521441.758241759
11270400,6577257.86163522
4711600,7427003.493449782
2150400,7502446.511627907
4070400,6577257.86163522
768000,1211584.2794759825
3500800,5648964.814814814
384000,2627471.186440678
4357400,6947436.269430052
2611200,5196800.0
7017000,9390321.212121213
9817700,8670825.2
6416000,8194646.79144385
7840500,7828053.846153846
2457600,1681017.3410404625
204800,1211584.2794759825
921600,1153219.0476190476
6856600,8670825.2
23624800,24033901.796407185
10387200,6577257.86163522
9461600,6770826.315789473
4579600,6770826.315789473
6891900,11156651.489361702
12479700,11156651.489361702
6551200,5242493.1034482755
7436700,7828053.846153846
3765400,6525491.338582677
6057600,6577257.86163522
8008500,6408169.724770642
4890000,8194646.79144385
7836800,9033719.696969697
11422600,14871509.401709402
665600,550158.4905660377
6161600,9155456.0
5075200,4904854.148471615
11710000,6947436.269430052
6063200,8670825.2
2844800,6577257.86163522
10228800,4904854.148471615
14224000,6577257.86163522
23367400,24033901.796407185
5770000,7892860.0
3136000,3915054.5454545454
3227200,5648964.814814814
3241100,6770826.315789473
6136300,6773153.503184713
972800,3915054.5454545454
3814400,5521441.758241759
4600000,5648964.814814814
8672000,5521441.758241759
1075200,1681017.3410404625
4950000,8670825.2
5704100,7828053.846153846
6034600,5999249.1228070175
5506700,7828053.846153846
2508800,2627471.186440678
8175500,7427003.493449782
4931600,4990861.471861471
3481600,3901062.295081967
13431500,17019851.724137932
7603200,7892860.0
281600,2627471.186440678
9070400,6525491.338582677
6351100,7427003.493449782
6570300,8670825.2
32532500,18696161.76470588
7883000,9155456.0
819200,1681017.3410404625
23569000,24644666.666666668
7475200,6577257.86163522
11641600,6577257.86163522
6350000,8194646.79144385
4734000,8194646.79144385
8417600,5648964.814814814
5344800,4213171.698113208
102400,550158.4905660377
14179300,12923541.420118343
563200,5196800.0
9787100,10128187.301587302
10635100,6408169.724770642
11752200,14871509.401709402
18653000,24033901.796407185
1894400,2151101.3698630137
7614500,6773153.503184713
4069600,6947436.269430052
5876200,6770826.315789473
12064000,7502446.511627907
8932300,6408169.724770642
1945600,3901062.295081967
10570200,5572875.1773049645
7738600,11535673.333333334
4350800,4990861.471861471
5154200,6947436.269430052
10279600,12923541.420118343
21455400,13761523.27586207
2572800,3915054.5454545454
8421200,6408169.724770642
5476400,4990861.471861471
9984300,11156651.489361702
10007300,11535673.333333334
947200,1153219.0476190476
8362700,8670825.2
4983000,8670825.2
9908300,11156651.489361702
4116400,4904854.148471615
8028800,4990861.471861471
665600,1211584.2794759825
5162000,5424037.226277372
4992400,7828053.846153846
11770000,14871509.401709402
12043100,8194646.79144385
13404800,9033719.696969697
14725900,8617572.727272727
5771700,11156651.489361702
8245200,9155456.0
13468200,12923541.420118343
4298000,6525491.338582677
25600,2627471.186440678
6724400,6770826.315789473
2713600,1211584.2794759825
13772000,13761523.27586207
9037800,6770826.315789473
1612800,3901062.295081967
5700000,5648964.814814814
26744800,24033901.796407185
9312800,5424037.226277372
5889400,6525491.338582677
5727700,7427003.493449782
7287500,7427003.493449782
6215400,6900063.157894737
2483200,2627471.186440678
10265600,1681017.3410404625
6874800,5242493.1034482755
4744800,5999249.1228070175
5202600,9390321.212121213
15726000,13761523.27586207
8478400,9390321.212121213
6675500,5242493.1034482755
1203200,2627471.186440678
8349400,8194646.79144385
4800000,3915054.5454545454
6545600,8264716.049382716
12650600,5572875.1773049645
5796000,4990861.471861471
12558400,14871509.401709402
5028400,6770826.315789473
4580800,8264716.049382716
2099200,3901062.295081967
3233600,6577257.86163522
21599500,17019851.724137932
5920800,5648964.814814814
23022600,24033901.796407185
8828800,5521441.758241759
3878600,6525491.338582677
3059200,3915054.5454545454
30785100,16927065.36312849
409600,550158.4905660377
601600,2627471.186440678
10070200,8617572.727272727
11400700,10861135.454545455
27481400,24033901.796407185
5833700,6687035.0
5267200,6577257.86163522
4352000,2627471.186440678
23169100,18696161.76470588
3463600,4213171.698113208
5602400,6773153.503184713
204800,1072818.6046511629
11278300,10861135.454545455
2662400,2151101.3698630137
10907200,9155456.0
11954300,11156651.489361702
3285400,4990861.471861471
9663400,6525491.338582677
8979200,3915054.5454545454
3532800,2627471.186440678
17015300,24033901.796407185
7764300,7917255.395683453
1280000,2627471.186440678
11523500,11535673.333333334
4455000,6773153.503184713
6712000,6770826.315789473
6544200,7828053.846153846
256000,550158.4905660377
3871400,5572875.1773049645
12956800,6577257.86163522
7587200,6577257.86163522
11396400,9033719.696969697
358400,456145.45454545453
409600,1211584.2794759825
5331600,9155456.0
2201600,2627471.186440678
4321600,5521441.758241759
3516000,6900063.157894737
23619000,18696161.76470588
15600000,8264716.049382716
2484800,5648964.814814814
6936500,6420612.280701755
947200,5969066.666666667
6789100,11156651.489361702
11727300,9390321.212121213
3635200,1211584.2794759825
870400,2627471.186440678
4083200,5521441.758241759
7553600,9390321.212121213
14204300,16927065.36312849
3660800,5521441.758241759
5216200,6947436.269430052
5831600,5572875.1773049645
6147800,11156651.489361702
640000,2627471.186440678
14250000,16927065.36312849
5448200,7828053.846153846
3558400,2627471.186440678
6999000,5999249.1228070175
11239200,5648964.814814814
5743800,6770826.315789473
5878400,5521441.758241759
12492600,11156651.489361702
2467200,5521441.758241759
7030800,4904854.148471615
14464500,10722364.285714285
10028200,9155456.0
8984200,11156651.489361702
9020800,5521441.758241759
6284400,4904854.148471615
2054400,5521441.758241759
8192400,5242493.1034482755
179200,2627471.186440678
10693400,6947436.269430052
3328000,1211584.2794759825
7362400,5648964.814814814
2585600,2627471.186440678
14389100,18696161.76470588
8658200,11156651.489361702
26031500,24033901.796407185
7170700,7917255.395683453
6367700,6773153.503184713
5002800,9155456.0
8592300,9212127.083333334
19507200,456145.45454545453
10019200,8194646.79144385
9645500,15251452.631578946
4348000,4904854.148471615
11829900,10982058.826923076
6902500,6770826.315789473
4675200,6577257.86163522
6015900,7427003.493449782
8155500,10128187.301587302
7005800,8194646.79144385
29554100,24033901.796407185
17033500,16927065.36312849
4396600,4990861.471861471
13527600,6525491.338582677
4457800,5572875.1773049645
1945600,1211584.2794759825
8640000,7427003.493449782
7748200,7427003.493449782
6240100,5424037.226277372
20522000,14871509.401709402
5772800,6577257.86163522
5864200,6947436.269430052
2435200,5521441.758241759
2700400,4213171.698113208
4198400,2151101.3698630137
5840000,8264716.049382716
13574400,5521441.758241759
3338000,4904854.148471615
3020800,2627471.186440678
16782000,18696161.76470588
6944300,10722364.285714285
6084500,6773153.503184713
7236400,11156651.489361702
3988400,6525491.338582677
6679300,11156651.489361702
6169600,7502446.511627907
2099200,2151101.3698630137
7335000,12923541.420118343
4059000,5572875.1773049645
9631600,5242493.1034482755
5832000,4904854.148471615
6427900,8194646.79144385
16546000,5648964.814814814
7276800,6577257.86163522
435200,6387200.0
19272000,18696161.76470588
3924800,5572875.1773049645
6140200,9604430.64516129
460800,3901062.295081967
4915200,1072818.6046511629
665600,2627471.186440678
4428800,3901062.295081967
2482800,7166255.555555556
1209600,6577257.86163522
3113600,4213171.698113208
9745700,7828053.846153846
1459200,1681017.3410404625
12833400,10861135.454545455
9131700,10722364.285714285
6672400,8194646.79144385
1891200,6577257.86163522
2876800,5521441.758241759
8573600,8617572.727272727
15805500,11156651.489361702
5283200,6577257.86163522
20351200,24033901.796407185
51200,550158.4905660377
1177600,3901062.295081967
9140900,6773153.503184713
15239600,13761523.27586207
3565000,5572875.1773049645
2268800,6577257.86163522
2867200,3901062.295081967
20743600,10861135.454545455
5483600,5572875.1773049645
3418400,4904854.148471615
9707200,6525491.338582677
6110300,8194646.79144385
6150400,4904854.148471615
10586000,8194646.79144385
460800,1211584.2794759825
4361600,5648964.814814814
7150200,6770826.315789473
5110200,4990861.471861471
17950000,16927065.36312849
7455600,9604430.64516129
5855800,10128187.301587302
13675800,5999249.1228070175
10473900,13761523.27586207
15924800,8264716.049382716
2688000,3901062.295081967
7459800,9155456.0
5810400,5648964.814814814
4011200,4904854.148471615
9839100,14871509.401709402
3540400,6525491.338582677
4823200,4904854.148471615
6028800,2627471.186440678
896000,1681017.3410404625
921600,1072818.6046511629
5881500,5424037.226277372
14220800,7502446.511627907
3731400,6947436.269430052
8646200,10128187.301587302
8460300,7917255.395683453
2778200,5242493.1034482755
11826600,5572875.1773049645
10579900,6773153.503184713
9260800,6577257.86163522
3468800,3915054.5454545454
5243700,7828053.846153846
18848000,5521441.758241759
3456000,2627471.186440678
13451400,9033719.696969697
435200,2627471.186440678
15522100,11156651.489361702
5155500,7427003.493449782
3840000,3915054.5454545454
12820300,11156651.489361702
11052000,9212127.083333334
5970300,7828053.846153846
9532700,12923541.420118343
9402000,4904854.148471615
22239600,24644666.666666668
3926400,5521441.758241759
3520000,5521441.758241759
1075200,1681017.3410404625
8441400,9604430.64516129
3251200,3901062.295081967
2457600,1211584.2794759825
6133600,5424037.226277372
2393600,5521441.758241759
32438200,24033901.796407185
8421400,11332790.909090908
7793800,9907051.612903226
11371100,6770826.315789473
7125200,9390321.212121213
4974000,6770826.315789473
3558400,3901062.295081967
4803200,5648964.814814814
3949600,4904854.148471615
1792000,3915054.5454545454
9084100,8194646.79144385
10125100,11267743.47826087
38072000,16927065.36312849
8355200,7917255.395683453
9977600,6577257.86163522
2073600,2627471.186440678
1408800,4213171.698113208
28945100,13761523.27586207
4981500,6408169.724770642
4554200,6947436.269430052
8709200,8617572.727272727
1331200,1211584.2794759825
8821400,8670825.2
15850500,13761523.27586207
3483600,4213171.698113208
6118400,2627471.186440678
6215600,9307200.0
256000,2627471.186440678
5882000,5424037.226277372
8321700,12923541.420118343
4326400,5196800.0
4581600,4213171.698113208
9274800,6525491.338582677
5273600,2151101.3698630137
12260600,7427003.493449782
8131400,8670825.2
9485100,12923541.420118343
6297600,2627471.186440678
11139700,11156651.489361702
2828800,5648964.814814814
50422200,24033901.796407185
5913300,6420612.280701755
10912100,10863653.846153846
6467400,6773153.503184713
8942800,9033719.696969697
14027400,13761523.27586207
16189800,12923541.420118343
6772000,8264716.049382716
9088700,7828053.846153846
1980000,4213171.698113208
5079400,5424037.226277372
9847000,8617572.727272727
6528700,11156651.489361702
7112100,6770826.315789473
7040700,6773153.503184713
4626000,5572875.1773049645
4480000,2627471.186440678
7602400,8194646.79144385
102400,550158.4905660377
2793800,6525491.338582677
10813000,8194646.79144385
11604800,5648964.814814814
6889500,8194646.79144385
4635100,5424037.226277372
10078000,6773153.503184713
3020800,1072818.6046511629
14585400,11156651.489361702
15782900,10722364.285714285
10179900,10861135.454545455
5986000,7892860.0
7090000,4904854.148471615
6423600,6770826.315789473
6315900,8670825.2
8971100,7828053.846153846
3982800,4213171.698113208
5732100,6408169.724770642
5459500,8670825.2
6871600,8670825.2
13975700,24033901.796407185
7705600,4213171.698113208
10899400,12923541.420118343
4833000,4990861.471861471
6177400,6770826.315789473
13928300,10861135.454545455
7912700,9033719.696969697
691200,2627471.186440678
7575200,4213171.698113208
3584000,1211584.2794759825
8689900,11156651.489361702
2710400,5521441.758241759
4096000,2627471.186440678
4463300,6408169.724770642
25029800,24033901.796407185
5828800,5457200.0
8299600,6525491.338582677
4360800,4990861.471861471
8985600,2627471.186440678
2304000,3901062.295081967
10540600,14871509.401709402
21201900,18696161.76470588
12506000,9604430.64516129
1843200,1211584.2794759825
8029300,6773153.503184713
15733300,12923541.420118343
6156800,7828053.846153846
7270400,2151101.3698630137
10099500,7335302.857142857
28060700,18696161.76470588
7543800,6408169.724770642
3443200,2627471.186440678
4952000,4904854.148471615
12742000,10861135.454545455
6604800,6387200.0
742400,2627471.186440678
13046400,13761523.27586207
460800,1681017.3410404625
2625600,5521441.758241759
6558600,8670825.2
7437400,6773153.503184713
10670400,6577257.86163522
7968600,11156651.489361702
13912900,11156651.489361702
870400,1211584.2794759825
16516500,16927065.36312849
9348800,5521441.758241759
8400000,5648964.814814814
29234600,6525491.338582677
7136000,5521441.758241759
6201600,5648964.814814814
8037700,12923541.420118343
11344700,18696161.76470588
6224000,5521441.758241759
1382400,3915054.5454545454
7548800,6577257.86163522
6801600,4904854.148471615
10007800,11332790.909090908
31223000,24033901.796407185
5605200,7427003.493449782
2419200,3915054.5454545454
2864200,4990861.471861471
4416000,6577257.86163522
7789700,7917255.395683453
4572800,5521441.758241759
7089000,8670825.2
5443200,6525491.338582677
2044000,4213171.698113208
5402800,5572875.1773049645
4970400,5648964.814814814
4513400,4990861.471861471
14745600,8670825.2
2150400,1426285.7142857143
10181800,10861135.454545455
307200,1072818.6046511629
9302100,6773153.503184713
3857600,6525491.338582677
128000,2627471.186440678
9074400,12923541.420118343
5806200,8670825.2
15269000,12923541.420118343
32448100,24033901.796407185
5772800,5521441.758241759
4780600,6525491.338582677
7177600,6947436.269430052
7810600,8194646.79144385
3167200,5648964.814814814
7419000,9390321.212121213
27894600,10861135.454545455
691200,5196800.0
2380800,3901062.295081967
4094200,6947436.269430052
8943100,15597353.333333334
6306300,8194646.79144385
3928000,5648964.814814814
5710800,11156651.489361702
9553600,16927065.36312849
16960100,13761523.27586207
793600,2627471.186440678
12566900,12923541.420118343
7168400,8670825.2
9000800,7917255.395683453
128000,2627471.186440678
3865600,2151101.3698630137
8997200,8670825.2
11641500,9229030.0
26330500,18696161.76470588
5158400,8264716.049382716
345600,3915054.5454545454
16704000,6577257.86163522
6117600,6770826.315789473
5785600,2627471.186440678
25600,1681017.3410404625
1433600,1211584.2794759825
6533600,5624623.2558139535
18622600,18696161.76470588
16024600,8617572.727272727
11498800,8670825.2
3571200,5521441.758241759
7589200,6947436.269430052
10694400,6577257.86163522
16054800,18696161.76470588
6061500,6408169.724770642
17478600,10722364.285714285
2150400,3681280.0
2636800,4213171.698113208
8920300,11156651.489361702
2115200,7502446.511627907
5440000,6947436.269430052
3633200,4904854.148471615
11780800,11156651.489361702
9553200,6770826.315789473
10216400,13761523.27586207
3843200,5521441.758241759
11297300,11535673.333333334
4684800,5521441.758241759
768000,1211584.2794759825
9135100,7917255.395683453
8780800,3901062.295081967
6302900,10128187.301587302
4417200,4990861.471861471
7264800,5648964.814814814
4500100,6770826.315789473
7303200,15597353.333333334
870400,1072818.6046511629
6980900,4674050.0
8434500,9390321.212121213
8336900,10722364.285714285
14142800,16927065.36312849
7534100,7427003.493449782
4453500,8670825.2
23413500,12923541.420118343
7029000,8194646.79144385
3012000,5648964.814814814
1254400,3915054.5454545454
0,550158.4905660377
8444700,9033719.696969697
7698800,6947436.269430052
1715200,1306548.148148148
3276800,1211584.2794759825
4267400,7828053.846153846
512000,1306548.148148148
13946800,11156651.489361702
12675200,7502446.511627907
6381000,6773153.503184713
5132800,5521441.758241759
3015800,4990861.471861471
1587200,2627471.186440678
10760400,11535673.333333334
13333000,6525491.338582677
11330700,11156651.489361702
2789600,5648964.814814814
14784900,11156651.489361702
24024000,18696161.76470588
8918200,8194646.79144385
3405600,5648964.814814814
3260200,4990861.471861471
5550200,4990861.471861471
460800,1681017.3410404625
20309000,24033901.796407185
9160400,9033719.696969697
3970000,6770826.315789473
17238000,18696161.76470588
3533200,6525491.338582677
1536000,2151101.3698630137
102400,1211584.2794759825
3865600,2627471.186440678
4654600,6947436.269430052
4604500,5424037.226277372
4433800,5572875.1773049645
5974600,8670825.2
1024000,2627471.186440678
5131900,8670825.2
3015200,5648964.814814814
2409600,6577257.86163522
102400,2627471.186440678
4596800,4213171.698113208
9352500,8194646.79144385
1331200,550158.4905660377
5002400,5648964.814814814
9120000,8264716.049382716
563200,1211584.2794759825
4050800,5624623.2558139535
2540800,6577257.86163522
15574400,6577257.86163522
4127200,8264716.049382716
5103200,4213171.698113208
4990500,8670825.2
16849600,14871509.401709402
768000,3901062.295081967
8317600,9390321.212121213
6375100,7828053.846153846
11416100,11156651.489361702
460800,2627471.186440678
3389600,5648964.814814814
4328600,6525491.338582677
7506400,6773153.503184713
1280000,2627471.186440678
12621600,5648964.814814814
5484800,6577257.86163522
1484800,1211584.2794759825
16904300,9033719.696969697
6022800,4904854.148471615
6244000,5648964.814814814
13141800,6525491.338582677
7928900,9033719.696969697
25607600,18696161.76470588
8007200,4904854.148471615
3089600,5521441.758241759
6093800,6408169.724770642
13246800,11156651.489361702
9391600,9604430.64516129
7853100,7828053.846153846
870400,2627471.186440678
5213400,6525491.338582677
2112700,6770826.315789473
5977600,2627471.186440678
5237800,6770826.315789473
21829900,16927065.36312849
4467600,6947436.269430052
9344000,6408169.724770642
9878300,12923541.420118343
7705700,8194646.79144385
7134900,9604430.64516129
11148100,8670825.2
51200,1681017.3410404625
6105000,5424037.226277372
9742300,13761523.27586207
8765400,11332790.909090908
6180800,8264716.049382716
16940600,14871509.401709402
5913600,2627471.186440678
4631400,6947436.269430052
5263100,8670825.2
563200,1211584.2794759825
4397600,4213171.698113208
7959100,10128187.301587302
13327600,33094800.0
6310000,5624623.2558139535
6836400,8670825.2
5604700,5242493.1034482755
3075800,6525491.338582677
11491200,10722364.285714285
7619000,7427003.493449782
2006400,5648964.814814814
6812000,5648964.814814814
16746600,8194646.79144385
14215600,11156651.489361702
1715200,2627471.186440678
9660300,10722364.285714285
12647400,9155456.0
5888000,2627471.186440678
6130000,5648964.814814814
9856000,2627471.186440678
10985500,9033719.696969697
5897600,5999249.1228070175
11840000,8264716.049382716
11783500,14871509.401709402
8929400,4990861.471861471
6532000,8670825.2
6262800,6770826.315789473
5795500,11156651.489361702
4326400,5648964.814814814
5734400,3901062.295081967
5282000,8194646.79144385
7260000,4904854.148471615
14506900,12923541.420118343
6815700,10722364.285714285
1177600,2627471.186440678
6860800,2627471.186440678
5443200,8264716.049382716
8920700,9033719.696969697
11328000,15554400.0
5780000,5572875.1773049645
7163600,8194646.79144385
204800,550158.4905660377
3123200,1211584.2794759825
793600,3901062.295081967
230400,2627471.186440678
6202000,5572875.1773049645
31432800,8264716.049382716
9241600,5196800.0
2622600,6947436.269430052
10562300,5242493.1034482755
3328000,6577257.86163522
5788800,5572875.1773049645
4892300,8670825.2
1280000,1681017.3410404625
3432400,4904854.148471615
16821500,18696161.76470588
14796800,2627471.186440678
460800,1681017.3410404625
4112000,5521441.758241759
1683200,7502446.511627907
5244800,5624623.2558139535
15973800,10128187.301587302
15539200,7502446.511627907
5797800,6408169.724770642
179200,2627471.186440678
5369400,7917255.395683453
25625600,6577257.86163522
6218100,9390321.212121213
2633600,6577257.86163522
4728800,4904854.148471615
12197200,16927065.36312849
1996800,2627471.186440678
11163300,8670825.2
1152000,1681017.3410404625
24662200,8670825.2
20652700,16927065.36312849
6222400,6577257.86163522
614400,1681017.3410404625
8989800,10861135.454545455
20361600,8264716.049382716
256000,550158.4905660377
1126400,1681017.3410404625
3424600,5999249.1228070175
2505200,5648964.814814814
8785400,7427003.493449782
9440000,8264716.049382716
4624800,5648964.814814814
14540900,24033901.796407185
17449200,16927065.36312849
4480000,2627471.186440678
6089700,8670825.2
9725100,8670825.2
512000,550158.4905660377
10916800,4990861.471861471
51200,2627471.186440678
16982400,24033901.796407185
7039600,9212127.083333334
6020100,9212127.083333334
10044300,12923541.420118343
11871200,4904854.148471615
12099000,10861135.454545455
18498200,24033901.796407185
10922000,8194646.79144385
6305100,8670825.2
7213600,9155456.0
7137500,10128187.301587302
10848100,7427003.493449782
14530400,9155456.0
8830400,5648964.814814814
4611400,6947436.269430052
7519100,10863653.846153846
3046400,2627471.186440678
5940600,8194646.79144385
1715200,2151101.3698630137
7755400,9155456.0
4870400,6577257.86163522
8574500,11156651.489361702
21670500,16927065.36312849
6215300,6770826.315789473
30407600,24033901.796407185
768000,2151101.3698630137
1280000,5196800.0
3846900,7828053.846153846
10381300,8670825.2
2304000,6577257.86163522
8292000,4990861.471861471
8517700,8670825.2
7153300,8194646.79144385
4441600,6577257.86163522
7519400,7335302.857142857
1433600,2151101.3698630137
5120000,2627471.186440678
10183200,7335302.857142857
2566400,5521441.758241759
14823200,16927065.36312849
10625000,6770826.315789473
4382400,4904854.148471615
5799600,6525491.338582677
10891000,11156651.489361702
23745300,24033901.796407185
8843900,8194646.79144385
5554400,6525491.338582677
8648400,7917255.395683453
1075200,1681017.3410404625
22195600,24033901.796407185
5621000,4990861.471861471
128000,2627471.186440678
5904000,5572875.1773049645
10496400,9212127.083333334
8193100,9033719.696969697
5363900,8670825.2
6285700,6773153.503184713
7640100,8032119.354838709
8256000,3915054.5454545454
9670400,7502446.511627907
1625600,3915054.5454545454
2108800,5648964.814814814
7194100,5424037.226277372
5399200,7917255.395683453
6346000,6525491.338582677
3817600,5521441.758241759
5118400,5648964.814814814
7846000,6947436.269430052
6937600,2627471.186440678
1792000,1681017.3410404625
1817600,2627471.186440678
5114200,7427003.493449782
17611200,18696161.76470588
1484800,2627471.186440678
4881300,5424037.226277372
5876800,5521441.758241759
7967500,6420612.280701755
5092800,5648964.814814814
921600,550158.4905660377
3904000,6577257.86163522
230400,2627471.186440678
10720000,8264716.049382716
18975200,18696161.76470588
6212800,8264716.049382716
9127600,8194646.79144385
4793000,6770826.315789473
10305100,8670825.2
2611200,1211584.2794759825
6682600,5572875.1773049645
24325300,24033901.796407185
6353700,5424037.226277372
23284800,9033719.696969697
23946000,16927065.36312849
8858400,8032119.354838709
16779500,8194646.79144385
5779200,5521441.758241759
9116800,5521441.758241759
4510800,6947436.269430052
3051200,5648964.814814814
7480100,12923541.420118343
1510400,2627471.186440678
8548900,10128187.301587302
5957300,6420612.280701755
12027800,13761523.27586207
22592500,16927065.36312849
4373600,8264716.049382716
5017600,2627471.186440678
13987700,13761523.27586207
2560000,2151101.3698630137
23785600,6577257.86163522
2912000,4990861.471861471
12019700,9033719.696969697
7625500,9033719.696969697
7028800,5648964.814814814
281600,2627471.186440678
1510400,3901062.295081967
3273200,4904854.148471615
4374400,4904854.148471615
4345600,5572875.1773049645
5731000,6770826.315789473
5407400,10982058.826923076
6698200,10861135.454545455
6988800,3901062.295081967
1638400,1681017.3410404625
31114400,18696161.76470588
2841600,2627471.186440678
6699000,14871509.401709402
11620200,18696161.76470588
5597000,6408169.724770642
7411200,8264716.049382716
5244400,6770826.315789473
10743200,12923541.420118343
6086200,6408169.724770642
153600,1211584.2794759825
8271600,4904854.148471615
2368000,3915054.5454545454
7179800,5572875.1773049645
10511400,11156651.489361702
9479200,10982058.826923076
20636600,18696161.76470588
8467000,8194646.79144385
4396200,8194646.79144385
11147300,11156651.489361702
896000,2151101.3698630137
4989500,7427003.493449782
870400,1211584.2794759825
15841600,18696161.76470588
8837200,5572875.1773049645
3328000,1681017.3410404625
5892900,8194646.79144385
153600,550158.4905660377
8880000,8264716.049382716
7907600,8194646.79144385
1920000,1306548.148148148
5050500,8194646.79144385
11493600,8194646.79144385
11912100,14871509.401709402
18482900,14871509.401709402
8082900,8194646.79144385
5009600,5648964.814814814
10620200,6525491.338582677
3615400,4990861.471861471
6445800,8670825.2
10174000,12923541.420118343
3469400,6947436.269430052
13950500,16927065.36312849
15777300,18696161.76470588
11229300,13761523.27586207
4605200,4990861.471861471
20294200,14871509.401709402
5206500,5424037.226277372
6195200,3901062.295081967
9369300,11156651.489361702
8172800,6577257.86163522
3056000,4904854.148471615
4302000,6525491.338582677
1088000,3915054.5454545454
51200,1211584.2794759825
14829700,17019851.724137932
2372000,5648964.814814814
6690000,8670825.2
4257600,4213171.698113208
1792000,2560000.0
14972300,5242493.1034482755
7359200,9604430.64516129
4646200,4990861.471861471
41184600,24033901.796407185
6214400,6408169.724770642
13219800,17019851.724137932
6358400,8194646.79144385
5574400,5648964.814814814
3353600,3901062.295081967
4196800,5648964.814814814
947200,2151101.3698630137
8018400,9033719.696969697
8121400,4990861.471861471
3430400,1681017.3410404625
409600,1211584.2794759825
2732800,5521441.758241759
10898500,8670825.2
4265600,5572875.1773049645
96786800,14871509.401709402
2150400,1211584.2794759825
7315700,9390321.212121213
6925000,8670825.2
4846400,5624623.2558139535
486400,1681017.3410404625
51200,550158.4905660377
7129600,5521441.758241759
7229800,6770826.315789473
204800,550158.4905660377
7482600,11156651.489361702
10282600,14871509.401709402
8564800,5648964.814814814
4976000,5521441.758241759
13035800,7828053.846153846
9753600,6577257.86163522
8299700,5242493.1034482755
4083200,2627471.186440678
6416600,6525491.338582677
5088100,6773153.503184713
4673000,6770826.315789473
3545600,6577257.86163522
6941300,11156651.489361702
6575100,6687035.0
7912400,4904854.148471615
18720000,5521441.758241759
9910700,12923541.420118343
6726200,6947436.269430052
5158400,3915054.5454545454
6830800,6770826.315789473
665600,1681017.3410404625
4025600,6577257.86163522
6539500,7427003.493449782
12823400,10861135.454545455
4756800,6525491.338582677
7232000,3915054.5454545454
18141600,12923541.420118343
4720000,5648964.814814814
7180800,5521441.758241759
4608000,5521441.758241759
9224200,6773153.503184713
10761900,11156651.489361702
7880400,9155456.0
4986000,4904854.148471615
13990700,12923541.420118343
6513600,6947436.269430052
5740200,10128187.301587302
18902100,14871509.401709402
11957400,18696161.76470588
1100800,2627471.186440678
5747200,8194646.79144385
1433600,1211584.2794759825
4802800,6420612.280701755
4379100,10128187.301587302
11878400,1211584.2794759825
5925200,9604430.64516129
14310800,13761523.27586207
5911500,8194646.79144385
6917900,6420612.280701755
6765000,6947436.269430052
6860800,8032119.354838709
12535100,11156651.489361702
10809500,13761523.27586207
18774400,10982058.826923076
4681800,4990861.471861471
409600,2627471.186440678
3776000,3915054.5454545454
12130600,10861135.454545455
4025600,4213171.698113208
12548800,5648964.814814814
102400,2627471.186440678
11085200,10128187.301587302
4256400,6947436.269430052
3187200,3915054.5454545454
15411400,18696161.76470588
23785800,24033901.796407185
5372000,8264716.049382716
2713600,2151101.3698630137
4432600,6525491.338582677
3891200,2627471.186440678
4868900,9390321.212121213
7142500,11156651.489361702
2066000,4213171.698113208
10150500,7917255.395683453
3207300,5424037.226277372
1305600,2151101.3698630137
6420200,8670825.2
5830000,6687035.0
6816000,5521441.758241759
1536000,1681017.3410404625
39360000,3915054.5454545454
5836800,6577257.86163522
844800,2627471.186440678
5540400,4213171.698113208
7007400,9390321.212121213
14548300,7828053.846153846
588800,1681017.3410404625
4822400,6770826.315789473
6669000,9033719.696969697
2585600,3901062.295081967
179200,2151101.3698630137
5087200,6947436.269430052
7088100,5999249.1228070175
10353100,7335302.857142857
3748800,4990861.471861471
4239600,4904854.148471615
640000,2151101.3698630137
3257600,6577257.86163522
8029100,7917255.395683453
4636000,4990861.471861471
1126400,5969066.666666667
6395900,8670825.2
4870400,6577257.86163522
17609600,16927065.36312849
4524500,7427003.493449782
5167600,9907051.612903226
665600,1072818.6046511629
5491200,7427003.493449782
8838600,8194646.79144385
4895900,7828053.846153846
1996800,3915054.5454545454
4876800,3915054.5454545454
7175300,9390321.212121213
5235200,2627471.186440678
51200,1072818.6046511629
9733300,13761523.27586207
8915200,7502446.511627907
5408000,6577257.86163522
4147200,4904854.148471615
972800,1681017.3410404625
1561600,2627471.186440678
7759800,9390321.212121213
3302400,5648964.814814814
1331200,2627471.186440678
12558100,16927065.36312849
4471600,4904854.148471615
6460200,4990861.471861471
1817600,2627471.186440678
6268800,5572875.1773049645
7625600,6770826.315789473
13743100,16927065.36312849
4988900,7917255.395683453
3264000,5521441.758241759
4694400,7502446.511627907
6315200,4990861.471861471
10780500,14871509.401709402
3583000,6947436.269430052
9613300,8670825.2
5043200,2627471.186440678
9285600,11156651.489361702
0,2627471.186440678
1190400,3915054.5454545454
11570800,5999249.1228070175
12935200,11156651.489361702
13051200,4213171.698113208
12453900,15251452.631578946
4802000,7828053.846153846
4258800,11156651.489361702
11727200,24033901.796407185
10350300,11156651.489361702
614400,1072818.6046511629
3660800,2627471.186440678
20104300,11156651.489361702
460800,1072818.6046511629
11424000,8194646.79144385
11292800,11156651.489361702
3592800,5648964.814814814
460800,2151101.3698630137
5880700,7427003.493449782
14550700,7828053.846153846
6224000,5521441.758241759
6214800,10268700.0
7240800,8670825.2
5918400,8264716.049382716
14070400,11156651.489361702
5140800,8194646.79144385
16700800,13761523.27586207
3096200,4990861.471861471
